date,open,close,high,low,volume,money
2014-08-08,4.35,5.21,5.21,4.35,451463.0,2349301.0
2014-08-11,5.74,5.74,5.74,5.74,179757.0,1031258.0
2014-08-12,6.31,6.31,6.31,6.31,289068.0,1823854.0
2014-08-13,6.94,6.94,6.94,6.94,1541145.0,10700862.0
2014-08-14,7.64,7.64,7.64,7.64,18195497.0,138995840.0
2014-08-15,8.21,7.31,8.21,7.2,71966931.0,538565568.0
2014-08-18,7.14,7.45,7.47,7.07,44009193.0,319648064.0
2014-08-19,7.39,8.19,8.19,7.31,65614416.0,527052512.0
2014-08-20,8.41,9.01,9.01,8.38,66710345.0,579064960.0
2014-08-21,9.23,9.91,9.91,9.21,79729188.0,773183872.0
2014-08-22,9.57,9.15,9.58,8.92,57018015.0,518566080.0
2014-08-25,8.93,9.44,9.85,8.55,52449324.0,486181824.0
2014-08-26,8.93,8.86,9.15,8.8,29545310.0,264189904.0
2014-08-27,8.89,8.67,9.01,8.64,18596721.0,163038560.0
2014-08-28,8.62,8.29,8.62,8.23,18415519.0,154178608.0
2014-08-29,8.3,8.7,8.93,8.3,20946302.0,181332608.0
2014-09-01,8.75,8.73,8.8,8.49,13816315.0,119300080.0
2014-09-02,8.74,8.82,8.94,8.66,18427888.0,162440048.0
2014-09-03,8.82,8.89,9.12,8.82,18995268.0,169818240.0
2014-09-04,8.68,8.87,8.97,8.57,20762395.0,183238784.0
2014-09-05,8.88,8.94,8.99,8.78,18070998.0,160807200.0
2014-09-09,8.96,8.81,9.02,8.7,14414953.0,126847744.0
2014-09-10,8.78,8.85,8.94,8.68,13918811.0,122989112.0
2014-09-11,8.86,8.8,8.89,8.7,12603601.0,111019088.0
2014-09-12,8.8,8.8,8.83,8.71,8528149.0,74689712.0
2014-09-15,8.81,8.75,8.81,8.72,7213179.0,63117744.0
2014-09-16,8.75,8.33,8.77,8.32,15430640.0,131643280.0
2014-09-17,8.32,8.4,8.42,8.21,5790982.0,48278712.0
2014-09-18,8.34,8.33,8.39,8.3,4915499.0,40914312.0
2014-09-19,8.35,8.49,8.67,8.34,7512313.0,64051432.0
2014-09-22,8.45,8.54,8.71,8.25,11325188.0,96090456.0
2014-09-23,8.38,8.56,8.61,8.37,8223266.0,70072640.0
2014-09-24,8.43,8.53,8.59,8.43,6208255.0,52840420.0
2014-09-25,8.54,8.44,8.59,8.4,6566520.0,55673552.0
2014-09-26,8.43,8.37,8.43,8.31,5534136.0,46243860.0
2014-09-29,8.39,8.43,8.51,8.39,5091242.0,42982024.0
2014-09-30,8.45,8.43,8.49,8.4,4411794.0,37199960.0
2014-10-08,8.44,8.5,8.53,8.38,5064796.0,42796284.0
2014-10-09,8.51,8.48,8.53,8.41,5682917.0,48072884.0
2014-10-10,8.46,8.49,8.54,8.43,6328968.0,53788120.0
2014-10-13,8.44,8.38,8.44,8.31,5387144.0,45037320.0
2014-10-14,8.36,8.33,8.42,8.3,3861754.0,32242976.0
2014-10-15,8.34,8.3,8.37,8.26,3724449.0,30887042.0
2014-10-16,8.3,8.26,8.38,8.22,4131076.0,34338108.0
2014-10-17,8.22,8.11,8.26,7.89,7230484.0,58529212.0
2014-10-20,8.11,8.18,8.21,8.08,3714287.0,30298670.0
2014-10-21,8.18,8.29,8.33,8.11,7084500.0,58457744.0
2014-10-22,8.29,8.86,8.86,8.23,34263746.0,295814752.0
2014-10-23,8.77,8.45,8.85,8.41,16187218.0,139542864.0
2014-10-24,8.31,8.02,8.31,8.0,13622195.0,110371752.0
2014-10-27,7.88,7.61,7.93,7.5,10188876.0,77886256.0
2014-10-28,7.68,7.82,7.84,7.68,6658783.0,51613712.0
2014-10-29,7.82,8.14,8.17,7.81,11059824.0,89075688.0
2014-10-30,8.14,8.03,8.14,8.0,7343777.0,59129468.0
2014-10-31,8.19,8.12,8.27,8.03,9996812.0,81148704.0
2014-11-03,8.13,8.37,8.38,8.13,11521645.0,95639528.0
2014-11-04,8.35,8.13,8.35,8.12,7640469.0,62677272.0
2014-11-05,8.11,8.42,8.53,8.08,14242779.0,119477712.0
2014-11-06,8.35,8.71,8.73,8.32,22879637.0,196973488.0
2014-11-07,8.71,9.02,9.53,8.63,41306336.0,376388448.0
2014-11-10,8.96,9.15,9.28,8.81,26805747.0,243110000.0
2014-11-11,9.16,8.61,9.16,8.44,19913480.0,175271632.0
2014-11-12,8.57,9.47,9.47,8.52,17910047.0,167176640.0
2014-11-13,10.07,10.42,10.42,9.93,18989900.0,194079040.0
2014-11-14,10.77,9.74,11.23,9.6,66369800.0,691152448.0
2014-11-17,9.31,9.45,10.19,9.16,34746791.0,329360640.0
2014-11-18,9.36,10.4,10.4,9.3,38302759.0,378649024.0
2014-11-19,10.46,10.83,11.0,10.2,59464430.0,632597312.0
2014-11-20,10.4,10.6,10.74,10.22,35682127.0,375584864.0
2014-11-21,10.64,10.69,11.48,10.59,48085898.0,531800544.0
2014-11-24,10.35,10.8,11.05,10.32,38357269.0,410054080.0
2014-11-25,10.58,10.56,10.74,10.37,30792444.0,324175360.0
2014-11-26,10.48,10.32,10.6,10.22,22927562.0,238459712.0
2014-11-27,10.4,10.17,10.57,10.13,21945352.0,226546832.0
2014-11-28,10.17,10.19,10.31,9.91,18705703.0,189133568.0
2014-12-01,10.19,10.64,10.65,9.97,26626489.0,276565568.0
2014-12-02,10.65,10.61,10.99,10.52,31784607.0,341385760.0
2014-12-03,10.46,10.39,10.69,10.16,21124412.0,218460592.0
2014-12-04,10.34,10.35,10.43,10.22,13826372.0,142805792.0
2014-12-05,10.35,9.63,10.35,9.42,21560695.0,212225520.0
2014-12-08,9.63,9.66,9.87,9.43,12935960.0,124874104.0
2014-12-09,9.59,8.97,9.59,8.94,17671979.0,164020480.0
2014-12-10,8.93,9.31,9.37,8.85,10051740.0,92262880.0
2014-12-11,9.23,9.6,9.63,9.12,11186841.0,105861976.0
2014-12-12,9.57,9.55,9.76,9.45,8571410.0,81975592.0
2014-12-15,9.36,9.51,9.52,9.36,6939369.0,65516108.0
2014-12-16,9.48,9.33,9.5,9.19,8230975.0,76859760.0
2014-12-17,9.26,9.11,9.3,9.06,6925440.0,63388272.0
2014-12-18,9.16,10.02,10.02,9.16,20517412.0,200498368.0
2014-12-19,10.16,9.71,10.16,9.34,22922596.0,221930800.0
2014-12-22,9.48,9.71,10.02,8.8,18615142.0,175164512.0
2014-12-23,9.3,9.27,9.75,9.22,9372196.0,88565680.0
2014-12-24,9.29,9.37,9.55,9.21,7180198.0,67042184.0
2014-12-25,9.29,9.32,9.46,9.19,7649396.0,71116768.0
2014-12-26,9.33,9.27,9.37,9.21,5578286.0,51647884.0
2014-12-29,9.18,8.93,9.2,8.92,7811338.0,70233128.0
2014-12-30,8.94,8.79,9.07,8.67,6678380.0,58914688.0
2014-12-31,8.8,8.83,8.85,8.65,3806698.0,33317586.0
2015-01-05,8.85,8.85,8.89,8.68,4318705.0,37927060.0
2015-01-06,8.8,9.05,9.16,8.75,7073122.0,63506920.0
2015-01-07,9.05,8.9,9.05,8.85,4774139.0,42534236.0
2015-01-08,8.94,9.39,9.73,8.94,23468164.0,221190816.0
2015-01-09,9.23,9.18,9.66,9.13,11985663.0,110945768.0
2015-01-12,9.1,8.75,9.1,8.72,7658994.0,67632976.0
2015-01-13,8.75,8.9,8.96,8.73,3870658.0,34200864.0
2015-01-14,8.83,8.81,8.88,8.75,3073916.0,27026006.0
2015-01-15,8.78,8.88,8.93,8.78,3353893.0,29713452.0
2015-01-16,8.92,9.13,9.32,8.87,8813265.0,79984896.0
2015-01-19,8.87,8.94,9.31,8.8,9261815.0,84128712.0
2015-01-20,8.96,9.33,9.33,8.96,11153003.0,102783560.0
2015-01-21,9.34,9.59,9.65,9.26,16922606.0,161540800.0
2015-01-22,9.54,9.6,9.68,9.46,10583891.0,101293984.0
2015-01-23,9.6,9.29,9.63,9.29,10762022.0,101061584.0
2015-01-26,9.28,9.38,9.4,9.27,4941996.0,46163648.0
2015-01-27,9.37,9.47,9.49,9.29,7818766.0,73647584.0
2015-01-28,9.47,9.4,9.58,9.37,6727601.0,63760608.0
2015-01-29,9.04,9.15,9.23,9.04,5866016.0,53725728.0
2015-01-30,9.2,9.16,9.34,9.07,4063356.0,37376940.0
2015-02-02,9.28,9.29,9.57,9.23,9534627.0,89581560.0
2015-02-03,9.23,9.18,9.23,9.01,6640442.0,60505768.0
2015-02-04,9.15,9.05,9.18,9.04,4193262.0,38082456.0
2015-02-05,9.18,8.94,9.22,8.94,4095011.0,37116888.0
2015-02-06,8.93,8.71,8.94,8.68,4896741.0,42970800.0
2015-02-09,8.65,8.73,8.78,8.65,2107963.0,18406068.0
2015-02-10,8.75,8.73,8.78,8.69,2183661.0,19061520.0
2015-02-11,8.77,8.8,8.85,8.73,2034122.0,17885978.0
2015-02-12,8.85,8.91,8.93,8.78,2353932.0,20927816.0
2015-02-13,8.96,8.97,9.02,8.88,3596848.0,32224874.0
2015-02-16,9.01,9.04,9.08,8.97,3597459.0,32520348.0
2015-02-17,9.05,9.04,9.08,9.0,2918917.0,26386800.0
2015-02-25,8.99,8.97,9.04,8.96,2603387.0,23428268.0
2015-02-26,8.99,9.18,9.18,8.99,4613107.0,42025476.0
2015-02-27,9.11,9.37,9.45,9.11,10317327.0,96199480.0
2015-03-02,9.46,9.39,9.46,9.27,7452520.0,69668128.0
2015-03-03,9.34,9.29,9.37,9.28,7088331.0,66072536.0
2015-03-04,9.28,9.67,9.73,9.26,19741441.0,188852000.0
2015-03-05,9.61,9.46,9.66,9.42,9973953.0,94587808.0
2015-03-06,9.51,9.36,9.68,9.33,7271028.0,68860896.0
2015-03-09,9.39,9.39,9.39,9.24,4239567.0,39569780.0
2015-03-10,9.39,9.41,9.45,9.33,5785331.0,54314092.0
2015-03-11,9.41,9.26,9.45,9.25,5692109.0,53037064.0
2015-03-12,9.29,9.18,9.34,9.16,5979603.0,55222792.0
2015-03-13,9.31,9.39,9.53,9.3,7556012.0,71116296.0
2015-03-16,9.39,9.56,9.57,9.39,11523143.0,109440624.0
2015-03-17,9.59,9.71,9.76,9.5,16009127.0,154648272.0
2015-03-18,9.71,9.93,9.94,9.61,17719489.0,173282096.0
2015-03-19,9.94,9.86,10.0,9.74,14222716.0,140019904.0
2015-03-20,9.92,9.87,9.95,9.77,11072979.0,108908272.0
2015-03-23,9.87,10.03,10.09,9.87,14817922.0,147664224.0
2015-03-24,10.08,9.81,10.08,9.62,14038614.0,138051120.0
2015-03-25,9.8,10.19,10.34,9.69,19360432.0,193762768.0
2015-03-26,10.14,10.03,10.3,10.0,13640005.0,137626624.0
2015-03-27,10.03,10.03,10.13,10.0,7829169.0,78716312.0
2015-03-30,10.07,10.11,10.13,9.99,12589253.0,126494208.0
2015-03-31,10.21,9.96,10.21,9.92,10891942.0,109328712.0
2015-04-01,9.95,10.06,10.08,9.94,10069114.0,101090984.0
2015-04-02,10.06,10.33,10.34,10.06,17654263.0,180653584.0
2015-04-03,10.29,10.58,10.77,10.22,18749465.0,198119488.0
2015-04-07,10.59,10.68,10.72,10.46,16879778.0,178992672.0
2015-04-08,10.77,10.67,10.99,10.47,16698720.0,179411168.0
2015-04-09,10.5,10.15,10.51,9.9,18671132.0,190130112.0
2015-04-10,10.12,10.33,10.37,10.0,12005645.0,122922320.0
2015-04-13,10.43,10.63,10.71,10.34,15761559.0,166813856.0
2015-04-14,10.58,11.1,11.12,10.51,23879448.0,258306128.0
2015-04-15,10.99,10.58,11.13,10.51,15931436.0,171766944.0
2015-04-16,10.46,10.54,10.7,10.24,10765430.0,112546464.0
2015-04-17,11.07,10.76,11.38,10.74,22988200.0,252076144.0
2015-04-20,10.71,10.42,10.71,10.41,14688719.0,154990400.0
2015-04-21,10.4,10.77,10.78,10.4,10330029.0,109779416.0
2015-04-22,10.8,10.95,11.02,10.79,15651956.0,171014816.0
2015-04-23,10.95,12.05,12.05,10.95,35897881.0,418829728.0
2015-04-24,13.05,12.13,13.05,11.76,42212931.0,518508160.0
2015-04-27,11.85,11.89,12.19,11.82,20414716.0,244007232.0
2015-04-28,11.89,11.28,11.89,11.2,18663971.0,213368000.0
2015-04-29,11.31,11.5,11.68,11.31,11306505.0,130101368.0
2015-04-30,11.51,11.24,11.66,11.23,11039427.0,126491496.0
2015-05-04,11.25,11.38,11.58,11.09,9400141.0,107122536.0
2015-05-05,11.33,10.85,11.39,10.79,10736162.0,119153640.0
2015-05-06,10.94,10.79,11.18,10.7,10604356.0,116318976.0
2015-05-07,10.66,11.01,11.04,10.62,11293686.0,123138304.0
2015-05-08,11.04,11.34,11.36,11.04,8444893.0,94661088.0
2015-05-11,11.38,11.79,11.91,11.38,16577663.0,194552816.0
2015-05-12,11.99,12.98,12.98,11.99,23716396.0,301928960.0
2015-05-13,13.3,12.75,13.5,12.7,33914370.0,444117632.0
2015-05-14,12.51,13.36,13.84,12.43,22784998.0,303414496.0
2015-05-15,13.36,13.39,13.76,12.8,22200355.0,297814976.0
2015-05-18,13.49,14.38,14.66,12.93,20708448.0,287422336.0
2015-05-19,14.04,14.1,14.34,13.61,16879897.0,236104000.0
2015-05-20,13.97,14.74,15.3,13.85,19826358.0,285107840.0
2015-05-21,14.28,14.76,14.93,14.28,12351467.0,180437344.0
2015-05-22,14.8,14.51,15.03,14.19,14697383.0,212534672.0
2015-05-25,14.3,15.54,15.88,13.99,20547100.0,308735072.0
2015-05-26,15.54,16.01,16.5,15.24,17135284.0,272254720.0
2015-05-27,16.22,17.62,17.62,15.72,20018793.0,334581888.0
2015-05-28,18.55,18.94,19.38,15.85,31174880.0,592829824.0
2015-05-29,18.5,19.35,20.23,17.04,34209325.0,645527488.0
2015-06-01,19.29,19.71,20.6,18.64,28820871.0,563614016.0
2015-06-02,19.12,18.9,19.58,18.2,23747395.0,447362912.0
2015-06-03,18.58,18.01,18.69,17.95,18656368.0,339200832.0
2015-06-04,17.95,17.29,18.5,16.21,24471688.0,419626976.0
2015-06-05,17.39,17.46,18.18,16.96,19382775.0,338402368.0
2015-06-08,17.33,16.53,17.34,16.33,15959069.0,265066416.0
2015-06-09,16.57,16.86,17.05,16.52,12296308.0,206786720.0
2015-06-10,16.87,17.68,18.24,16.67,21136038.0,372078848.0
2015-06-11,17.68,17.77,17.97,17.2,16958242.0,297876064.0
2015-06-12,17.88,17.45,18.01,17.44,13469474.0,237283712.0
2015-06-15,17.33,17.05,17.66,16.99,11272329.0,193920592.0
2015-06-16,16.75,15.91,16.75,15.73,9896196.0,160511824.0
2015-06-17,15.92,16.26,16.3,14.99,9067026.0,143128320.0
2015-06-18,16.2,15.16,16.21,15.11,7351868.0,115492128.0
2015-06-19,14.49,13.64,15.11,13.64,7978061.0,114551552.0
2015-06-23,13.66,14.18,14.19,12.34,10739409.0,145888512.0
2015-06-24,14.31,14.49,15.09,14.2,11290324.0,164679776.0
2015-06-25,14.53,13.57,14.65,13.21,10587382.0,149797216.0
2015-06-26,13.32,12.21,13.32,12.21,9416070.0,118052248.0
2015-06-29,12.64,11.01,12.82,10.99,10507867.0,122655784.0
2015-06-30,11.01,11.87,12.05,10.18,17507791.0,197383856.0
2015-07-01,11.69,11.43,12.61,11.18,15252045.0,184341728.0
2015-07-02,11.43,11.97,12.32,10.86,19877486.0,232664928.0
2015-07-03,11.9,12.19,12.66,10.86,20603896.0,246273936.0
2015-07-06,13.42,12.28,13.42,11.64,28991805.0,369573120.0
2015-07-07,11.1,11.05,11.72,11.05,11537486.0,129297152.0
2015-07-08,11.05,11.05,11.05,11.05,0.0,0.0
2015-07-09,11.05,11.05,11.05,11.05,0.0,0.0
2015-07-10,11.05,11.05,11.05,11.05,0.0,0.0
2015-07-13,12.16,12.16,12.16,12.16,1063051.0,12923335.0
2015-07-14,13.37,13.37,13.37,12.97,13466272.0,179788240.0
2015-07-15,13.56,12.03,13.56,12.03,16119024.0,201158224.0
2015-07-16,11.01,11.68,12.3,10.83,19157956.0,221059856.0
2015-07-17,11.84,12.84,12.84,11.53,23193798.0,291810848.0
2015-07-20,13.26,13.73,14.12,12.98,30884958.0,422867712.0
2015-07-21,13.74,15.11,15.11,13.01,31209262.0,450190496.0
2015-07-22,15.54,15.07,16.04,14.24,35898964.0,546906432.0
2015-07-23,15.05,15.22,15.54,14.56,25630425.0,386188608.0
2015-07-24,15.22,14.48,15.22,14.3,18666273.0,277474816.0
2015-07-27,14.11,13.03,14.86,13.03,19970491.0,283227328.0
2015-07-28,11.81,12.4,13.56,11.73,18798186.0,234331840.0
2015-07-29,12.74,13.21,13.45,11.75,16544192.0,205877872.0
2015-07-30,12.95,12.86,14.12,12.47,17404751.0,235354816.0
2015-07-31,12.38,12.39,13.08,12.03,11551776.0,144163712.0
2015-08-03,12.09,11.29,12.51,11.15,11594359.0,136043584.0
2015-08-04,11.15,12.15,12.18,11.15,11343832.0,132942288.0
2015-08-05,12.02,11.82,12.3,11.78,12683989.0,152633136.0
2015-08-06,11.56,11.58,11.73,11.35,6222610.0,72031960.0
2015-08-07,11.59,12.06,12.14,11.59,8602400.0,102923776.0
2015-08-10,12.13,12.9,13.09,12.13,12682908.0,159364176.0
2015-08-11,12.82,13.0,13.33,12.72,13475852.0,175704320.0
2015-08-12,13.16,12.7,13.16,12.69,10949816.0,141611360.0
2015-08-13,12.46,12.9,12.95,12.29,10124396.0,127570960.0
2015-08-14,12.95,12.96,13.13,12.83,11854007.0,153536656.0
2015-08-17,12.95,13.35,13.38,12.56,12984717.0,168735696.0
2015-08-18,13.35,12.01,13.46,12.01,16680396.0,214450352.0
2015-08-19,11.6,12.19,12.49,10.89,10451194.0,122934672.0
2015-08-20,12.21,11.5,12.21,11.4,6891600.0,81726696.0
2015-08-21,11.32,10.91,11.74,10.86,8101132.0,91400472.0
2015-08-24,10.42,9.82,10.49,9.82,5706291.0,56699676.0
2015-08-25,8.84,8.84,9.13,8.84,6082490.0,53926508.0
2015-08-26,8.91,8.69,9.31,7.96,13482687.0,118546192.0
2015-08-27,8.82,9.13,9.25,8.51,7088429.0,63185716.0
2015-08-28,9.25,9.7,9.82,9.06,9561480.0,89359584.0
2015-08-31,9.56,9.12,9.56,9.1,6563608.0,60813576.0
2015-09-01,9.12,8.25,9.12,8.24,5503768.0,46672848.0
2015-09-02,7.88,7.93,8.63,7.65,5417033.0,43728200.0
2015-09-07,8.08,8.2,8.48,8.08,4244712.0,35129788.0
2015-09-08,8.02,8.62,8.66,8.01,5489647.0,45866212.0
2015-09-09,8.68,9.09,9.11,8.62,8416807.0,74978400.0
2015-09-10,8.85,8.86,9.25,8.83,7117069.0,64186560.0
2015-09-11,8.87,8.96,9.01,8.8,4608931.0,41066944.0
2015-09-14,9.11,8.29,9.21,8.09,7137639.0,61275776.0
2015-09-15,8.06,8.15,8.5,8.02,5933150.0,48964360.0
2015-09-16,8.33,8.97,8.97,8.25,6178517.0,53244432.0
2015-09-17,9.04,8.95,9.38,8.88,9903259.0,90135952.0
2015-09-18,9.13,9.06,9.43,8.96,4524210.0,41607292.0
2015-09-21,8.71,9.18,9.23,8.49,9475345.0,84141320.0
2015-09-22,9.22,9.43,9.63,9.04,9970084.0,93685640.0
2015-09-23,9.25,9.11,9.42,9.05,6039411.0,55514320.0
2015-09-24,8.99,9.23,9.3,8.99,4073051.0,37491232.0
2015-09-25,9.22,8.72,9.26,8.65,4339603.0,38733848.0
2015-09-28,8.85,8.92,9.0,8.67,2283641.0,20153184.0
2015-09-29,8.74,8.87,9.03,8.66,3156549.0,28035596.0
2015-09-30,8.87,8.84,8.99,8.77,2262288.0,20075542.0
2015-10-08,9.15,9.22,9.24,9.05,4736078.0,43474644.0
2015-10-09,9.16,9.34,9.4,9.11,5656085.0,52406280.0
2015-10-12,9.44,10.28,10.28,9.37,10161137.0,101263048.0
2015-10-13,10.28,10.42,10.59,10.08,12144581.0,125775456.0
2015-10-14,10.46,10.17,10.73,10.08,8013875.0,83240272.0
2015-10-15,10.17,10.42,10.43,10.09,6916694.0,71184680.0
2015-10-16,10.36,10.45,10.64,10.22,8343700.0,86695688.0
2015-10-19,10.47,10.67,10.82,10.41,10157132.0,107791888.0
2015-10-20,10.55,10.77,10.78,10.36,8505576.0,89843856.0
2015-10-21,10.8,9.71,10.8,9.7,10118832.0,103736160.0
2015-10-22,9.73,9.97,10.05,9.34,7237509.0,70698264.0
2015-10-23,10.04,10.2,10.26,9.85,7251083.0,72679904.0
2015-10-26,10.4,10.57,10.7,10.27,10306687.0,108270408.0
2015-10-27,10.51,10.7,10.72,10.17,8899319.0,93042768.0
2015-10-28,10.66,10.3,10.79,10.19,7632539.0,80267752.0
2015-10-29,10.32,10.4,10.49,10.28,4688184.0,48743576.0
2015-10-30,10.45,10.78,11.08,10.42,14147991.0,153659536.0
2015-11-02,10.57,10.68,11.06,10.55,11411379.0,123355176.0
2015-11-03,11.06,11.74,11.74,10.82,14379074.0,166136624.0
2015-11-04,12.12,12.92,12.92,11.49,35410145.0,425861856.0
2015-11-05,12.65,12.45,13.0,12.33,30528743.0,385532800.0
2015-11-06,12.32,12.48,12.67,12.24,18174974.0,227004528.0
2015-11-09,12.23,12.36,12.55,11.86,15483077.0,189263680.0
2015-11-10,12.34,12.4,12.67,12.19,12987967.0,161411168.0
2015-11-11,12.24,12.74,12.77,12.12,17357266.0,217516448.0
2015-11-12,12.67,13.07,13.36,12.4,19151229.0,246542048.0
2015-11-13,12.86,12.38,12.91,12.3,11749381.0,147629440.0
2015-11-16,12.03,12.44,12.44,11.94,6528072.0,79721776.0
2015-11-17,12.44,12.63,13.02,12.41,14030624.0,177929744.0
2015-11-18,12.46,12.14,12.66,12.11,7797541.0,96345336.0
2015-11-19,12.2,12.41,12.44,12.14,5909765.0,72634448.0
2015-11-20,12.49,12.47,12.59,12.35,7723498.0,96353744.0
2015-11-23,12.45,12.83,13.09,12.42,15602367.0,199875648.0
2015-11-24,12.67,13.51,13.53,12.58,20805481.0,274110048.0
2015-11-25,13.46,13.29,13.47,13.1,15836427.0,209637696.0
2015-11-26,13.3,12.96,13.42,12.95,12777601.0,167850240.0
2015-11-27,13.0,11.82,13.03,11.67,13582962.0,167469504.0
2015-11-30,11.82,11.93,12.07,10.93,8563658.0,100156448.0
2015-12-01,11.8,11.9,12.01,11.67,5636829.0,66808629.0
2015-12-02,12.03,12.06,12.15,11.43,6049429.0,71809568.0
2015-12-03,12.06,12.25,12.3,12.04,5855479.0,71352622.0
2015-12-04,12.29,12.78,12.92,12.25,14672291.0,184847056.0
2015-12-07,12.76,12.81,12.93,12.61,9531906.0,121877317.0
2015-12-08,12.71,12.08,12.71,12.04,8185406.0,100900984.0
2015-12-09,11.92,11.8,12.07,11.58,5387761.0,63739748.0
2015-12-10,11.8,11.75,11.95,11.68,3667528.0,43435464.0
2015-12-11,11.82,11.87,11.93,11.68,3107184.0,36706092.0
2015-12-14,11.75,12.07,12.09,11.67,4154379.0,49174232.0
2015-12-15,12.03,12.09,12.17,12.03,3524222.0,42577592.0
2015-12-16,12.13,12.18,12.38,12.12,5036704.0,61763020.0
2015-12-17,12.3,12.49,12.51,12.26,7091913.0,87918352.0
2015-12-18,12.49,12.3,12.67,12.23,6442009.0,80084096.0
2015-12-21,12.24,12.42,12.48,12.13,6065404.0,74829712.0
2015-12-22,12.44,12.97,13.07,12.44,14477565.0,185218353.0
2015-12-23,12.92,12.92,13.05,12.6,13673426.0,175142960.0
2015-12-24,12.97,13.28,13.42,12.97,21776749.0,287100960.0
2015-12-25,13.37,13.17,13.41,13.0,9570131.0,125616431.0
2015-12-28,13.19,12.57,13.37,12.55,11991993.0,154645692.0
2015-12-29,12.57,12.57,12.57,12.57,0.0,0.0
2015-12-30,13.12,12.8,13.12,12.69,7172551.0,92280479.0
2015-12-31,12.67,12.55,12.79,12.47,5412471.0,68243510.0
2016-01-04,12.49,11.34,12.59,11.31,4638597.0,55614835.0
2016-01-05,10.93,11.17,11.54,10.57,6655919.0,73714292.0
2016-01-06,11.1,11.47,11.48,11.1,4614054.0,52168301.0
2016-01-07,11.23,10.34,11.23,10.32,1364171.0,14638270.0
2016-01-08,10.45,10.48,10.92,9.6,5159563.0,53774687.0
2016-01-11,10.27,9.76,10.79,9.62,6414747.0,65530559.0
2016-01-12,9.95,9.72,10.11,9.4,4374657.0,42501407.0
2016-01-13,9.78,9.35,9.89,9.34,3629445.0,34943957.0
2016-01-14,9.17,9.61,9.67,9.07,3687801.0,34635340.0
2016-01-15,9.58,9.13,9.62,9.08,4063856.0,37974086.0
2016-01-18,8.88,9.51,9.62,8.88,4555787.0,42817425.0
2016-01-19,9.51,9.83,9.83,9.34,3856092.0,37194234.0
2016-01-20,9.81,9.71,9.89,9.53,2989594.0,29161785.0
2016-01-21,9.44,9.33,9.8,9.32,3017555.0,28799694.0
2016-01-22,9.46,9.5,9.6,9.31,2238057.0,21127665.0
2016-01-25,9.58,9.78,9.85,9.58,3281864.0,31851554.0
2016-01-26,9.68,9.09,9.68,8.97,3148638.0,29521898.0
2016-01-27,9.21,9.33,9.36,8.62,3444915.0,31148100.0
2016-01-28,9.33,9.18,9.6,9.15,3331198.0,31300741.0
2016-01-29,9.11,9.48,9.56,8.97,3359718.0,31303256.0
2016-02-01,9.53,9.44,9.58,9.23,2748973.0,25864894.0
2016-02-02,9.48,9.65,9.67,9.4,3859125.0,37031760.0
2016-02-03,9.53,9.55,9.58,9.34,2576771.0,24383099.0
2016-02-04,9.58,9.78,9.81,9.55,4666763.0,45137755.0
2016-02-05,9.71,9.61,9.81,9.58,2618323.0,25335324.0
2016-02-15,9.25,9.34,9.44,9.15,3265815.0,30432734.0
2016-02-16,9.36,9.72,9.76,9.36,4220353.0,40531436.0
2016-02-17,9.67,9.96,10.08,9.63,5797183.0,56951380.0
2016-02-18,9.99,9.85,10.04,9.83,4434905.0,43886730.0
2016-02-19,9.86,9.99,10.07,9.81,4387407.0,43714438.0
2016-02-22,10.1,10.15,10.22,9.96,6437340.0,64943444.0
2016-02-23,10.16,10.02,10.21,9.81,4924254.0,49275822.0
2016-02-24,9.99,10.08,10.09,9.83,4181831.0,41710657.0
2016-02-25,10.08,9.17,10.22,9.08,6997375.0,67625040.0
2016-02-26,9.17,9.14,9.44,8.98,4414427.0,40310940.0
2016-02-29,9.15,8.45,9.15,8.25,3648523.0,31274533.0
2016-03-01,8.51,8.66,8.71,8.45,3160897.0,27137814.0
2016-03-02,8.61,9.16,9.23,8.61,4961572.0,44430532.0
2016-03-03,9.16,9.23,9.5,9.0,5739428.0,52882905.0
2016-03-04,9.19,9.36,9.61,8.93,6813127.0,62998867.0
2016-03-07,9.39,9.54,9.59,9.29,5308353.0,50282298.0
2016-03-08,9.43,9.37,9.44,8.88,3832506.0,35224860.0
2016-03-09,9.25,9.04,9.25,8.98,2705229.0,24587524.0
2016-03-10,9.02,8.84,9.13,8.8,2366110.0,21223781.0
2016-03-11,8.79,8.83,8.86,8.69,1625863.0,14283944.0
2016-03-14,8.91,9.11,9.16,8.89,2796979.0,25373990.0
2016-03-15,9.14,9.0,9.14,8.95,2017414.0,18217527.0
2016-03-16,9.02,8.89,9.09,8.88,1751596.0,15683842.0
2016-03-17,8.9,9.15,9.18,8.9,3286761.0,29801878.0
2016-03-18,9.17,9.42,9.51,9.1,5503378.0,51397683.0
2016-03-21,9.58,9.66,9.69,9.46,6225757.0,59612491.0
2016-03-22,9.64,10.62,10.62,9.53,16956910.0,174326258.0
2016-03-23,10.85,11.19,11.37,10.73,22332318.0,245615191.0
2016-03-24,11.07,11.07,11.52,10.71,16853190.0,189171703.0
2016-03-25,10.94,11.21,11.43,10.94,9501059.0,106513930.0
2016-03-28,11.11,11.31,11.56,11.1,11091068.0,125843731.0
2016-03-29,11.14,10.85,11.24,10.73,8356636.0,91753981.0
2016-03-30,11.01,11.49,11.61,10.87,10612611.0,120130230.0
2016-03-31,11.75,11.56,12.0,11.38,9508616.0,111295528.0
2016-04-01,11.38,12.16,12.29,11.27,12191974.0,144087816.0
2016-04-05,12.03,13.16,13.32,11.9,17379331.0,224370347.0
2016-04-06,13.13,12.83,13.14,12.72,9386036.0,120856665.0
2016-04-07,13.01,12.59,13.01,12.49,6878206.0,87637537.0
2016-04-08,12.4,12.38,12.49,11.71,9831936.0,119050271.0
2016-04-11,12.3,12.38,12.63,12.19,6061880.0,75304494.0
2016-04-12,12.43,12.04,12.43,11.78,5155091.0,61958220.0
2016-04-13,12.03,12.06,12.31,11.96,6317062.0,76689904.0
2016-04-14,12.06,12.22,12.24,11.98,3675621.0,44579585.0
2016-04-15,12.28,12.18,12.28,12.03,2925911.0,35502901.0
2016-04-18,12.14,12.35,12.45,11.81,5301387.0,65130133.0
2016-04-19,12.45,12.27,12.46,12.08,2964052.0,36393177.0
2016-04-20,12.46,11.36,12.46,11.12,6180365.0,72272084.0
2016-04-21,11.4,11.18,11.45,11.12,4083401.0,45844979.0
2016-04-22,11.11,11.29,11.36,10.92,2344612.0,26119500.0
2016-04-25,11.29,11.22,11.36,11.03,2282135.0,25553203.0
2016-04-26,11.24,11.25,11.31,11.07,2669729.0,29841962.0
2016-04-27,11.27,11.01,11.33,10.99,3590805.0,40016489.0
2016-04-28,11.08,10.75,11.09,10.46,4230684.0,45590443.0
2016-04-29,10.73,10.94,11.07,10.64,3976872.0,43331964.0
2016-05-03,10.73,12.03,12.03,10.73,9169336.0,108105918.0
2016-05-04,12.07,12.67,13.19,12.07,18847494.0,239559107.0
2016-05-05,13.13,12.8,13.13,12.6,7848933.0,100323968.0
2016-05-06,12.94,12.37,12.94,12.17,8049548.0,100051033.0
2016-05-09,12.11,12.51,12.85,12.11,9173708.0,114936099.0
2016-05-10,12.43,13.76,13.76,12.3,17927288.0,238333927.0
2016-05-11,13.76,14.51,14.99,13.49,19335717.0,278507618.0
2016-05-12,14.41,14.67,15.05,13.47,13820428.0,198903386.0
2016-05-13,14.26,14.37,15.27,13.97,12897794.0,189669788.0
2016-05-16,14.25,15.8,15.8,14.25,17734358.0,270503483.0
2016-05-17,15.79,15.25,16.34,15.03,17365136.0,272273658.0
2016-05-18,14.8,14.72,14.9,14.21,8092323.0,118112107.0
2016-05-19,14.75,15.4,15.45,14.51,10433073.0,154747354.0
2016-05-20,14.94,15.03,15.33,14.79,8496435.0,127189747.0
2016-05-23,14.46,14.62,15.1,13.88,11826779.0,171663772.0
2016-05-24,14.79,14.39,14.81,14.11,8052388.0,116214761.0
2016-05-25,14.48,14.44,14.71,14.25,7355301.0,106693537.0
2016-05-26,14.64,13.89,14.65,13.13,10295339.0,140582882.0
2016-05-27,13.95,14.77,15.05,13.32,12328854.0,178081680.0
2016-05-30,14.72,14.06,14.72,13.8,9100137.0,130073753.0
2016-05-31,13.97,14.32,14.72,13.97,11796499.0,169289279.0
2016-06-01,14.46,15.18,15.76,14.33,29151669.0,443147380.0
2016-06-02,15.17,14.99,15.22,14.79,14951363.0,223621729.0
2016-06-03,14.99,14.68,15.07,14.62,12337668.0,182298432.0
2016-06-06,14.62,14.53,14.62,14.21,8353617.0,120819550.0
2016-06-07,14.52,15.22,15.26,14.44,14321931.0,213657060.0
2016-06-08,15.18,14.49,15.2,14.32,10563935.0,154327778.0
2016-06-13,14.13,13.27,14.13,13.23,9104429.0,125529715.0
2016-06-14,13.22,13.99,14.25,13.22,10984662.0,152911285.0
2016-06-15,13.88,14.53,15.11,13.69,10713029.0,157995582.0
2016-06-16,14.53,15.04,15.14,14.51,9953528.0,149036210.0
2016-06-17,15.05,15.16,15.21,14.72,7770035.0,116271498.0
2016-06-20,14.98,15.73,15.93,14.91,12368352.0,192108902.0
2016-06-21,15.85,15.49,16.37,14.9,9624452.0,154284266.0
2016-06-22,15.49,15.9,16.24,15.49,5925382.0,94081767.0
2016-06-23,15.67,15.45,15.82,15.2,6543655.0,101272617.0
2016-06-24,15.32,15.04,15.51,14.48,4843329.0,72845674.0
2016-06-27,15.07,15.26,15.3,14.76,4031852.0,61025924.0
2016-06-28,15.26,14.9,15.26,14.72,7047458.0,104942073.0
2016-06-29,14.9,14.8,15.05,14.5,8251737.0,121845222.0
2016-06-30,14.9,14.74,14.9,14.58,5486612.0,80551929.0
2016-07-01,14.68,14.42,14.84,14.29,9233233.0,133695333.0
2016-07-04,14.41,15.2,15.25,14.28,14289486.0,214228550.0
2016-07-05,15.22,15.27,15.53,15.06,7408484.0,113353743.0
2016-07-06,15.27,15.55,15.58,14.9,8591315.0,130570558.0
2016-07-07,15.65,16.93,17.11,15.65,21105587.0,347498056.0
2016-07-08,16.76,16.23,16.76,16.17,9326210.0,153213920.0
2016-07-11,16.25,15.74,16.45,15.55,10059212.0,161282768.0
2016-07-12,15.66,16.25,16.55,15.66,8068345.0,131049835.0
2016-07-13,16.31,16.57,16.62,15.93,6467426.0,104667480.0
2016-07-14,16.62,16.18,16.62,16.09,5517449.0,89745510.0
2016-07-15,16.44,16.13,16.44,16.01,2314799.0,37321435.0
2016-07-18,16.13,16.64,16.65,15.65,7615974.0,123864732.0
2016-07-19,16.48,16.49,17.02,16.39,5872553.0,97788048.0
2016-07-20,16.48,16.28,16.76,16.19,4522446.0,74395954.0
2016-07-21,16.28,16.05,16.36,15.92,3938748.0,63124584.0
2016-07-22,16.03,15.87,16.11,15.76,3242223.0,51448386.0
2016-07-25,15.88,15.76,16.02,15.71,2040319.0,32262121.0
2016-07-26,15.76,15.98,16.07,15.76,2074683.0,33081258.0
2016-07-27,16.02,15.26,16.07,14.42,5136694.0,78320247.0
2016-07-28,15.26,15.11,15.36,14.91,3092614.0,46617044.0
2016-07-29,15.12,14.71,15.26,14.44,2945150.0,43786825.0
2016-08-01,14.67,14.56,14.67,14.02,2565075.0,36784137.0
2016-08-02,14.48,15.17,15.18,14.44,2324277.0,34300921.0
2016-08-03,15.36,15.5,15.83,15.28,6059586.0,94457987.0
2016-08-04,15.5,15.16,15.54,14.9,3278394.0,49591153.0
2016-08-05,15.16,14.94,15.26,14.86,1976443.0,29703201.0
2016-08-08,14.9,14.84,14.9,14.44,3163989.0,46277717.0
2016-08-09,14.81,14.97,15.02,14.62,2142304.0,31962462.0
2016-08-10,14.99,14.69,15.04,14.56,3055368.0,44965185.0
2016-08-11,14.63,14.5,14.75,14.44,2271387.0,33010891.0
2016-08-12,14.48,14.62,14.68,14.32,2338437.0,33958257.0
2016-08-15,14.72,14.9,14.98,14.42,3785594.0,55915242.0
2016-08-16,14.84,15.0,15.24,14.67,3467345.0,52048124.0
2016-08-17,15.0,15.03,15.11,14.9,3037402.0,45669340.0
2016-08-18,15.02,14.98,15.12,14.72,4834036.0,71975998.0
2016-08-19,14.86,14.62,14.95,14.5,6446802.0,94441129.0
2016-08-22,14.62,14.53,14.76,14.42,4179659.0,60998308.0
2016-08-23,14.54,14.33,14.66,14.17,3036710.0,43721225.0
2016-08-24,14.43,14.44,14.51,14.31,2652220.0,38206168.0
2016-08-25,14.44,14.33,14.51,14.16,3581467.0,51239841.0
2016-08-26,14.34,14.37,14.53,14.2,3554338.0,51116629.0
2016-08-29,14.37,14.12,14.41,14.06,4166051.0,59005105.0
2016-08-30,14.16,14.14,14.24,14.11,2328118.0,33018625.0
2016-08-31,14.29,14.21,14.29,14.03,2317330.0,32858729.0
2016-09-01,14.21,14.22,14.25,14.12,3620124.0,51333420.0
2016-09-02,14.21,14.51,14.7,14.16,5651977.0,81639083.0
2016-09-05,14.51,14.39,14.62,14.28,4209658.0,60616186.0
2016-09-06,14.33,14.33,14.35,14.02,6136249.0,86887066.0
2016-09-07,14.27,14.18,14.32,14.14,2746645.0,39055871.0
2016-09-08,14.17,14.29,14.31,14.12,2913045.0,41446944.0
2016-09-09,14.26,14.67,14.74,14.25,7469842.0,109289791.0
2016-09-12,13.98,14.48,15.08,13.98,9041024.0,132838055.0
2016-09-13,14.48,14.91,14.96,14.48,6940447.0,102959835.0
2016-09-14,14.92,14.4,14.99,14.25,5090696.0,74289510.0
2016-09-19,14.26,14.27,14.52,14.03,5561102.0,78618239.0
2016-09-20,14.11,14.12,14.2,14.06,2663355.0,37570055.0
2016-09-21,14.12,13.69,14.18,13.6,9128671.0,125776151.0
2016-09-22,13.76,13.83,13.87,13.63,5586277.0,76920190.0
2016-09-23,13.95,13.59,13.95,13.57,3198109.0,44109441.0
2016-09-26,13.55,13.2,13.76,13.15,3615829.0,48555800.0
2016-09-27,13.21,13.15,13.31,12.87,3961719.0,51681860.0
2016-09-28,13.16,13.22,13.5,13.08,4669986.0,62347470.0
2016-09-29,13.22,13.46,13.57,13.22,2970505.0,40050713.0
2016-09-30,13.47,13.46,13.52,13.32,1926751.0,25876339.0
2016-10-10,13.63,13.71,13.73,13.32,3067736.0,41649126.0
2016-10-11,13.57,13.73,13.76,13.57,2753027.0,37723147.0
2016-10-12,13.73,13.58,13.77,13.51,2063961.0,28110056.0
2016-10-13,13.58,13.45,13.62,13.41,1999801.0,26936007.0
2016-10-14,13.45,13.5,13.52,13.36,1580284.0,21236504.0
2016-10-17,13.5,13.14,13.52,13.03,6168965.0,81311263.0
2016-10-18,13.06,13.27,13.28,12.95,4328031.0,56977838.0
2016-10-19,13.32,13.15,13.32,13.04,4947922.0,65028536.0
2016-10-20,13.19,13.14,13.19,13.08,3128209.0,41082975.0
2016-10-21,13.17,13.18,13.24,12.99,3722851.0,48819095.0
2016-10-24,13.22,13.24,13.27,13.11,5367104.0,70807899.0
2016-10-25,13.26,13.22,13.26,13.09,4996721.0,65778994.0
2016-10-26,13.22,13.63,13.77,13.22,10884542.0,147017530.0
2016-10-27,13.45,13.45,13.58,13.38,7161980.0,96459573.0
2016-10-28,13.5,13.25,13.54,13.23,4059147.0,54230212.0
2016-10-31,13.25,13.03,13.25,12.95,6184541.0,80599266.0
2016-11-01,13.05,13.4,13.41,13.04,6832239.0,90435857.0
2016-11-02,13.41,13.4,13.45,13.26,4889406.0,65278558.0
2016-11-03,13.36,13.26,13.42,13.22,6245719.0,83105068.0
2016-11-04,13.25,13.11,13.27,13.09,4127188.0,54307482.0
2016-11-07,13.24,13.16,13.24,13.07,3281887.0,43144127.0
2016-11-08,13.21,13.13,13.23,13.07,2920637.0,38319838.0
2016-11-09,13.17,12.89,13.17,12.8,7360074.0,95266071.0
2016-11-10,13.0,13.02,13.08,12.92,3781784.0,49205730.0
2016-11-11,13.02,13.3,13.39,12.99,7942550.0,105398234.0
2016-11-14,13.32,13.49,13.73,13.32,8641881.0,117178654.0
2016-11-15,13.5,13.96,14.16,12.4,14198236.0,196884194.0
2016-11-16,14.04,13.75,14.04,13.7,7212087.0,99391441.0
2016-11-17,13.65,13.62,13.75,13.5,5071954.0,69048585.0
2016-11-18,13.72,13.55,13.82,13.44,4781818.0,65072902.0
2016-11-21,13.52,13.36,13.63,13.21,6380893.0,85243568.0
2016-11-22,13.37,13.48,13.5,13.36,3571082.0,47963126.0
2016-11-23,13.5,13.39,13.52,13.29,4062304.0,54280397.0
2016-11-24,13.48,13.39,13.63,13.34,5233488.0,70649492.0
2016-11-25,13.38,13.21,13.48,13.05,4448763.0,58669803.0
2016-11-28,13.22,13.22,13.32,13.04,5707146.0,75007747.0
2016-11-29,13.18,13.18,13.31,13.09,5114950.0,67655492.0
2016-11-30,13.16,13.1,13.2,13.05,4812220.0,63091461.0
2016-12-01,13.1,13.16,13.19,13.04,4840421.0,63495659.0
2016-12-02,13.16,12.87,13.16,12.85,4158835.0,54075578.0
2016-12-05,12.85,13.26,13.4,12.81,8699991.0,115153993.0
2016-12-06,13.27,13.5,13.77,13.25,7569183.0,102746437.0
2016-12-07,13.53,13.53,13.6,13.33,4498262.0,60648774.0
2016-12-08,13.58,13.42,13.63,13.41,2969483.0,40106997.0
2016-12-09,13.36,13.13,13.49,13.07,3930016.0,52049395.0
2016-12-12,13.12,13.13,13.38,12.97,6950748.0,91593601.0
2016-12-13,13.13,13.57,13.59,13.01,7841174.0,104209329.0
2016-12-14,13.5,13.68,13.89,13.28,13886956.0,189204993.0
2016-12-15,13.56,13.72,13.88,13.41,9892238.0,134652861.0
2016-12-16,13.67,13.59,13.71,13.5,8764484.0,119185683.0
2016-12-19,13.63,13.91,13.95,13.6,12326981.0,170097870.0
2016-12-20,13.95,13.56,14.05,13.41,10597765.0,145599880.0
2016-12-21,13.58,14.17,14.2,13.46,20343034.0,284425040.0
2016-12-22,14.14,14.03,14.17,13.86,11394424.0,159565664.0
2016-12-23,13.92,13.77,14.22,13.64,12690356.0,177368389.0
2016-12-26,13.46,12.84,13.46,12.41,16819635.0,215687342.0
2016-12-27,12.73,12.65,12.9,12.5,7754072.0,98203007.0
2016-12-28,12.68,12.43,12.82,12.3,8798951.0,110779179.0
2016-12-29,12.47,12.12,12.48,11.88,12083903.0,146510519.0
2016-12-30,12.12,12.04,12.14,11.93,5114257.0,61511799.0
2017-01-03,12.1,12.15,12.23,12.0,5971558.0,72564201.0
2017-01-04,12.15,12.29,12.36,12.08,4740438.0,57978511.0
2017-01-05,12.32,12.39,12.55,12.32,5748368.0,71463613.0
2017-01-06,12.3,12.09,12.39,12.01,6716515.0,81454416.0
2017-01-09,12.09,12.28,12.29,12.02,4891573.0,59720829.0
2017-01-10,12.29,12.12,12.32,12.09,5644429.0,68566805.0
2017-01-11,12.12,12.11,12.19,11.91,5475187.0,65959195.0
2017-01-12,12.11,11.76,12.11,11.73,6901107.0,81775163.0
2017-01-13,11.78,11.05,11.79,10.74,10823667.0,120957459.0
2017-01-16,10.98,10.89,10.98,10.09,6931263.0,73892908.0
2017-01-17,10.8,10.91,10.96,10.65,3444021.0,37180149.0
2017-01-18,10.92,10.98,11.2,10.83,3853387.0,42628081.0
2017-01-19,10.99,10.92,11.06,10.86,2047441.0,22445081.0
2017-01-20,10.95,11.27,11.28,10.88,4239582.0,47367546.0
2017-01-23,11.22,11.37,11.54,11.19,3283797.0,37558815.0
2017-01-24,11.39,11.45,11.57,11.31,2118189.0,24195618.0
2017-01-25,11.45,11.33,11.45,11.26,1845382.0,20895722.0
2017-01-26,11.31,11.35,11.38,11.29,1477506.0,16767714.0
2017-02-03,11.34,11.05,11.38,11.05,3757136.0,41773093.0
2017-02-06,11.27,12.15,12.15,11.27,7222317.0,87227155.0
2017-02-07,12.67,12.39,12.68,12.21,31020777.0,385294099.0
2017-02-08,12.21,12.28,12.35,11.96,13983622.0,170107104.0
2017-02-09,12.24,12.31,12.53,12.11,13614030.0,167622398.0
2017-02-10,12.23,12.18,12.35,12.16,7622785.0,93196130.0
2017-02-13,12.26,12.54,12.63,12.2,17558225.0,218983940.0
2017-02-14,12.54,12.45,12.57,12.32,8490522.0,105465339.0
2017-02-15,12.45,12.23,12.46,12.19,6865798.0,84651433.0
2017-02-16,12.24,12.27,12.32,12.14,4610286.0,56397222.0
2017-02-17,12.28,11.94,12.28,11.92,6426946.0,77508499.0
2017-02-20,11.92,12.44,12.47,11.92,10060177.0,123634609.0
2017-02-21,12.44,12.41,12.59,12.32,5790238.0,71922445.0
2017-02-22,12.4,12.55,12.62,12.34,9363033.0,117325711.0
2017-02-23,12.66,12.43,12.66,12.31,5319719.0,66061259.0
2017-02-24,12.39,12.97,13.13,12.39,16523163.0,211943967.0
2017-02-27,12.97,12.83,13.09,12.78,7373691.0,95401650.0
2017-02-28,12.77,12.84,12.97,12.67,4392946.0,56193268.0
2017-03-01,12.82,12.8,12.95,12.75,4060312.0,52169297.0
2017-03-02,12.88,12.67,12.88,12.61,3992804.0,50664566.0
2017-03-03,12.67,12.73,12.83,12.58,3444363.0,43873512.0
2017-03-06,12.71,12.87,12.89,12.61,4931680.0,63021142.0
2017-03-07,12.87,12.8,12.93,12.68,3752021.0,47901978.0
2017-03-08,12.86,12.74,12.89,12.58,3692011.0,46884060.0
2017-03-09,12.74,12.38,12.74,12.34,5145703.0,64021402.0
2017-03-10,12.39,12.27,12.55,12.21,4049614.0,50003471.0
2017-03-13,12.26,12.25,12.27,11.94,6592257.0,79547553.0
2017-03-14,12.2,12.14,12.27,12.07,3360243.0,40778665.0
2017-03-15,12.0,12.26,12.27,12.0,3474123.0,42318034.0
2017-03-16,12.27,12.37,12.41,12.27,4523769.0,55831213.0
2017-03-17,12.3,12.17,12.39,12.14,4904593.0,59951383.0
2017-03-20,12.24,12.2,12.24,12.06,2562563.0,31047973.0
2017-03-21,12.19,12.35,12.45,12.01,5925183.0,72395669.0
2017-03-22,12.3,12.18,12.3,12.14,2170563.0,26459136.0
2017-03-23,12.25,12.24,12.45,12.11,4369167.0,53756979.0
2017-03-24,12.2,12.06,12.26,11.99,5081189.0,61295366.0
2017-03-27,12.01,12.0,12.08,11.92,5295176.0,63458233.0
2017-03-28,11.98,11.94,12.06,11.91,3321982.0,39750768.0
2017-03-29,11.94,11.83,11.99,11.82,3412713.0,40486253.0
2017-03-30,11.76,11.27,11.9,11.12,6812346.0,77964371.0
2017-03-31,11.25,11.21,11.34,11.16,4966296.0,55728372.0
2017-04-05,11.2,11.46,11.5,11.18,6713080.0,76306815.0
2017-04-06,11.45,11.43,11.51,11.36,4196412.0,48051227.0
2017-04-07,11.46,11.64,11.78,11.4,5974152.0,68967082.0
2017-04-10,11.6,11.47,11.64,11.41,3669551.0,42103283.0
2017-04-11,11.47,11.36,11.47,11.3,3509260.0,39806963.0
2017-04-12,11.36,11.26,11.36,11.23,3633018.0,40977198.0
2017-04-13,11.23,11.34,11.49,11.23,3077989.0,35055289.0
2017-04-14,11.32,11.22,11.36,11.16,2484547.0,27941526.0
2017-04-17,11.22,11.26,11.33,11.19,2155218.0,24265509.0
2017-04-18,11.22,10.92,11.31,10.91,4515199.0,49931702.0
2017-04-19,10.8,10.13,10.8,9.91,11950690.0,121552013.0
2017-04-20,10.13,10.21,10.39,10.07,5455790.0,55757451.0
2017-04-21,10.22,10.23,10.37,10.1,3365087.0,34437587.0
2017-04-24,10.22,9.99,10.22,9.97,2632090.0,26490391.0
2017-04-25,9.78,9.96,10.15,9.78,2761983.0,27733119.0
2017-04-26,9.96,9.85,10.04,9.8,3049058.0,30181265.0
2017-04-27,9.82,9.69,9.87,9.48,4442894.0,42887308.0
2017-04-28,9.69,9.63,9.69,9.52,3912195.0,37481011.0
2017-05-02,9.59,9.43,9.63,9.39,4290659.0,40783192.0
2017-05-03,9.36,9.57,9.6,9.36,4157816.0,39696795.0
2017-05-04,9.58,10.53,10.53,9.43,13807645.0,139494012.0
2017-05-05,10.24,10.02,10.39,9.92,13441110.0,135662114.0
2017-05-08,10.0,9.42,10.0,9.41,8528807.0,81930215.0
2017-05-09,9.34,9.15,9.34,9.04,9059677.0,82985881.0
2017-05-10,9.19,8.75,9.26,8.73,7162244.0,64452956.0
2017-05-11,8.65,8.68,8.72,8.48,5644637.0,48569613.0
2017-05-12,8.7,8.63,8.73,8.52,3573668.0,30840913.0
2017-05-15,8.66,8.8,9.27,8.65,8420005.0,75663506.0
2017-05-16,8.53,8.88,8.94,8.4,7478839.0,64389621.0
2017-05-17,8.85,8.88,9.01,8.77,5709690.0,50770013.0
2017-05-18,8.8,9.06,9.09,8.74,5480632.0,48888463.0
2017-05-19,9.31,9.46,9.76,9.16,14537774.0,137081009.0
2017-05-22,9.2,8.86,9.33,8.76,8806818.0,79905683.0
2017-05-23,8.77,8.59,8.88,8.53,4981882.0,43231985.0
2017-05-24,8.61,8.72,8.73,8.4,5054899.0,43311878.0
2017-05-25,8.72,8.76,8.83,8.53,4244000.0,36941060.0
2017-05-26,8.78,8.75,8.85,8.71,3251470.0,28479837.0
2017-05-31,8.81,8.71,8.93,8.69,3874048.0,34118928.0
2017-06-01,8.71,8.51,8.76,8.48,3115882.0,26835751.0
2017-06-02,8.48,8.62,8.63,8.4,2868716.0,24459010.0
2017-06-05,8.66,8.66,8.71,8.56,2525976.0,21833507.0
2017-06-06,8.66,8.86,8.88,8.61,4072227.0,35620271.0
2017-06-07,8.83,8.97,8.99,8.77,5118583.0,45552413.0
2017-06-08,8.94,8.84,8.95,8.82,3689153.0,32759071.0
2017-06-09,8.85,8.89,8.92,8.69,4188444.0,36875353.0
2017-06-12,8.85,9.06,9.15,8.74,7696382.0,69306413.0
2017-06-13,9.07,9.05,9.09,8.92,4115484.0,37117641.0
2017-06-14,9.01,8.98,9.08,8.93,3717962.0,33413735.0
2017-06-15,8.96,9.07,9.17,8.94,4969349.0,45037256.0
2017-06-16,9.06,9.04,9.19,9.03,2607602.0,23662175.0
2017-06-19,9.04,9.21,9.25,9.04,5460470.0,49925265.0
2017-06-20,9.21,9.15,9.34,9.09,3497475.0,32138560.0
2017-06-21,9.2,9.17,9.21,9.09,2353311.0,21523682.0
2017-06-22,9.12,8.95,9.2,8.94,5888298.0,53380880.0
2017-06-23,8.94,8.95,8.99,8.68,3837204.0,33949969.0
2017-06-26,8.92,9.06,9.1,8.87,5685974.0,50935338.0
2017-06-27,9.04,9.06,9.11,9.01,3267978.0,29620485.0
2017-06-28,9.03,8.96,9.03,8.93,1919491.0,17217656.0
2017-06-29,8.98,8.98,9.09,8.95,1778768.0,16031023.0
2017-06-30,8.94,9.0,9.05,8.91,1621684.0,14595448.0
2017-07-03,9.02,9.24,9.3,8.94,6357988.0,58174121.0
2017-07-04,9.29,9.13,9.29,9.11,3140876.0,28759836.0
2017-07-05,9.13,9.17,9.19,9.1,3039931.0,27785919.0
2017-07-06,9.18,9.1,9.18,9.04,2422229.0,22065796.0
2017-07-07,9.04,9.11,9.13,9.04,3589597.0,32599021.0
2017-07-10,9.11,9.14,9.16,9.07,5007552.0,45606837.0
2017-07-11,9.14,9.18,9.34,9.11,9028145.0,83076654.0
2017-07-12,9.13,8.94,9.16,8.77,6439545.0,57508095.0
2017-07-13,8.88,8.94,9.0,8.79,5656908.0,50219464.0
2017-07-14,8.92,8.89,8.94,8.75,2761421.0,24427568.0
2017-07-17,8.88,8.45,8.88,8.44,5309016.0,45682531.0
2017-07-18,8.45,8.39,8.53,8.07,8474132.0,69817113.0
2017-07-19,8.36,8.41,8.48,8.24,3683138.0,30846286.0
2017-07-20,8.61,8.41,8.61,8.39,4205150.0,35683113.0
2017-07-21,8.4,8.39,8.45,8.34,2659959.0,22325291.0
2017-07-24,8.4,8.37,8.45,8.29,2980510.0,24978701.0
2017-07-25,8.42,8.37,8.42,8.29,2472048.0,20613488.0
2017-07-26,8.38,8.29,8.39,8.27,2356144.0,19584854.0
2017-07-27,8.29,8.43,8.52,8.19,4588820.0,38469545.0
2017-07-28,8.43,8.4,8.5,8.39,3385785.0,28602903.0
2017-07-31,8.45,8.57,8.58,8.36,5245804.0,44568528.0
2017-08-01,8.57,8.56,8.75,8.54,5804290.0,50204005.0
2017-08-02,8.47,8.4,8.55,8.33,3611992.0,30478712.0
2017-08-03,8.36,8.42,8.52,8.29,4619474.0,38612745.0
2017-08-04,8.39,8.41,8.44,8.35,3136200.0,26305096.0
2017-08-07,8.41,8.35,8.41,8.32,2595555.0,21676991.0
2017-08-08,8.28,9.19,9.19,8.28,28885947.0,259926579.0
2017-08-09,9.06,8.97,9.12,8.87,17603193.0,157744389.0
2017-08-10,8.89,8.78,8.96,8.72,10651332.0,93773205.0
2017-08-11,8.73,8.79,8.92,8.61,9707785.0,85150997.0
2017-08-14,8.77,8.82,8.86,8.75,5725236.0,50406911.0
2017-08-15,8.81,8.74,8.82,8.71,4537704.0,39648219.0
2017-08-16,8.73,8.83,8.89,8.73,6159595.0,54392052.0
2017-08-17,8.8,8.89,8.95,8.72,6087930.0,53702191.0
2017-08-18,8.82,8.83,8.88,8.78,4337472.0,38265321.0
2017-08-21,8.84,8.88,8.94,8.79,4307084.0,38239525.0
2017-08-22,8.86,8.84,9.07,8.8,7092303.0,63465103.0
2017-08-23,8.84,8.81,8.84,8.68,4501327.0,39410630.0
2017-08-24,8.71,8.47,8.71,8.45,8028248.0,68724508.0
2017-08-25,8.45,8.53,8.56,8.39,4998198.0,42387456.0
2017-08-28,8.52,8.55,8.58,8.5,5291104.0,45215378.0
2017-08-29,8.57,8.52,8.57,8.51,2773693.0,23652829.0
2017-08-30,8.5,8.51,8.56,8.48,3043885.0,25927115.0
2017-08-31,8.48,8.51,8.54,8.48,2553652.0,21746239.0
2017-09-01,8.51,8.59,8.64,8.51,4366909.0,37456945.0
2017-09-04,8.54,8.62,8.65,8.54,3698435.0,31825035.0
2017-09-05,8.64,8.57,8.66,8.57,3359512.0,28912471.0
2017-09-06,8.56,8.61,8.63,8.53,2805994.0,24076596.0
2017-09-07,8.63,8.61,8.63,8.56,3694026.0,31753104.0
2017-09-08,8.61,8.6,8.63,8.57,2731139.0,23511851.0
2017-09-11,8.61,8.69,8.7,8.57,3925539.0,33964469.0
2017-09-12,8.7,8.65,8.72,8.61,3476334.0,30028695.0
2017-09-13,8.67,8.88,9.02,8.65,12328981.0,109811209.0
2017-09-14,8.85,8.79,8.88,8.75,5829822.0,51281252.0
2017-09-15,8.79,8.75,8.81,8.66,4379302.0,38155068.0
2017-09-18,8.75,8.85,8.85,8.71,3874083.0,34003227.0
2017-09-19,8.88,8.78,8.88,8.73,2848362.0,25034305.0
2017-09-20,8.73,8.77,8.8,8.7,2753306.0,24093810.0
2017-09-21,8.77,8.66,8.77,8.65,3304977.0,28780954.0
2017-09-22,8.63,8.59,8.67,8.49,3890341.0,33324606.0
2017-09-25,8.53,8.62,8.63,8.53,3028608.0,26053767.0
2017-09-26,8.58,8.61,8.67,8.56,1769637.0,15248991.0
2017-09-27,8.64,8.6,8.65,8.59,1178890.0,10159126.0
2017-09-28,8.61,8.7,8.75,8.55,3098189.0,26618784.0
2017-09-29,9.06,8.81,9.07,8.76,9117787.0,81185798.0
2017-10-09,8.87,8.84,8.92,8.72,5449453.0,48042255.0
2017-10-10,8.84,8.83,8.84,8.74,5118930.0,44953622.0
2017-10-11,8.81,8.83,8.88,8.79,4760578.0,42076000.0
2017-10-12,8.81,8.76,8.82,8.72,3356152.0,29407202.0
2017-10-13,8.74,8.8,8.8,8.73,2629427.0,23070111.0
2017-10-16,8.8,8.83,9.0,8.73,6936384.0,61521402.0
2017-10-17,8.76,8.68,8.82,8.56,3440319.0,29839392.0
2017-10-18,8.69,8.65,8.84,8.62,2824159.0,24582718.0
2017-10-19,8.65,8.43,8.65,8.42,4453729.0,37927910.0
2017-10-20,8.44,8.46,8.53,8.43,2140978.0,18155946.0
2017-10-23,8.46,8.53,8.54,8.42,1654825.0,14041486.0
2017-10-24,8.53,8.54,8.56,8.45,1968972.0,16723045.0
2017-10-25,8.56,8.53,8.56,8.49,1665698.0,14183181.0
2017-10-26,8.51,8.52,8.53,8.47,1978528.0,16812984.0
2017-10-27,8.52,8.47,8.53,8.46,1499816.0,12719003.0
2017-10-30,8.52,8.31,8.6,8.22,4046519.0,33936932.0
2017-10-31,8.36,8.4,8.44,8.36,2198636.0,18476592.0
2017-11-01,8.4,8.56,8.58,8.39,4012181.0,34219009.0
2017-11-02,8.56,8.47,8.59,8.45,4544437.0,38746492.0
2017-11-03,8.48,8.48,8.54,8.42,2168025.0,18403715.0
2017-11-06,8.44,8.57,8.59,8.44,2450832.0,20893569.0
2017-11-07,8.6,8.77,8.82,8.51,5701769.0,49633364.0
2017-11-08,8.78,8.77,8.82,8.69,4224808.0,37042418.0
2017-11-09,8.71,8.77,8.81,8.67,2393003.0,20938515.0
2017-11-10,8.77,8.73,8.85,8.67,3871567.0,33916931.0
2017-11-13,8.73,8.69,8.73,8.64,2063481.0,17914551.0
2017-11-14,8.69,8.88,8.89,8.63,5900639.0,51877399.0
2017-11-15,8.85,8.78,8.97,8.75,4180302.0,36889236.0
2017-11-16,8.77,8.88,8.94,8.71,5946193.0,52710639.0
2017-11-17,8.94,8.77,9.2,8.75,13892230.0,125185293.0
2017-11-20,8.77,8.77,8.77,8.77,0.0,0.0
2017-11-21,8.77,8.77,8.77,8.77,0.0,0.0
2017-11-22,8.77,8.77,8.77,8.77,0.0,0.0
2017-11-23,8.77,8.77,8.77,8.77,0.0,0.0
2017-11-24,8.77,8.77,8.77,8.77,0.0,0.0
2017-11-27,8.77,8.77,8.77,8.77,0.0,0.0
2017-11-28,8.77,8.77,8.77,8.77,0.0,0.0
2017-11-29,8.77,8.77,8.77,8.77,0.0,0.0
2017-11-30,8.52,8.57,9.08,8.5,10664840.0,93524452.0
2017-12-01,8.56,8.38,8.56,8.24,5455843.0,45553304.0
2017-12-04,8.32,8.35,8.37,8.24,3402459.0,28257401.0
2017-12-05,8.3,7.95,8.31,7.9,5658311.0,45841367.0
2017-12-06,7.76,7.99,8.03,7.76,2602551.0,20484946.0
2017-12-07,7.94,7.93,8.04,7.92,1348411.0,10747708.0
2017-12-08,7.92,8.05,8.08,7.91,1858665.0,14925352.0
2017-12-11,8.08,8.08,8.14,7.99,2039512.0,16439303.0
2017-12-12,8.07,8.08,8.16,8.02,1910258.0,15487742.0
2017-12-13,8.04,8.09,8.13,8.04,1202033.0,9729826.0
2017-12-14,8.06,8.08,8.15,8.02,1155090.0,9332415.0
2017-12-15,8.08,8.08,8.22,8.04,1754789.0,14227757.0
2017-12-18,8.08,8.11,8.17,8.05,1689886.0,13740850.0
2017-12-19,8.05,8.13,8.17,8.05,1343968.0,10933623.0
2017-12-20,8.12,8.08,8.17,8.05,1383967.0,11228806.0
2017-12-21,8.07,8.18,8.18,8.07,1607661.0,13078876.0
2017-12-22,8.18,8.26,8.28,8.1,1601756.0,13094870.0
2017-12-25,8.28,8.4,8.47,8.21,3605406.0,30168690.0
2017-12-26,8.44,8.41,8.44,8.28,3159882.0,26352199.0
2017-12-27,8.38,8.38,8.46,8.32,2137722.0,17914545.0
2017-12-28,8.32,8.25,8.37,8.24,1749922.0,14517728.0
2017-12-29,8.24,8.36,8.36,8.24,2975226.0,24758228.0
2018-01-02,8.36,8.41,8.43,8.33,1893895.0,15889960.0
2018-01-03,8.44,8.57,8.66,8.42,4422015.0,37892313.0
2018-01-04,8.56,8.56,8.66,8.5,2367824.0,20316196.0
2018-01-05,8.55,8.61,8.63,8.49,2673491.0,22917944.0
2018-01-08,8.63,8.59,8.8,8.58,2819619.0,24525019.0
2018-01-09,8.7,8.56,8.7,8.52,2405716.0,20637595.0
2018-01-10,8.56,8.42,8.57,8.37,2356133.0,19946394.0
2018-01-11,8.37,8.44,8.5,8.35,1513097.0,12767137.0
2018-01-12,8.44,8.46,8.56,8.42,1581650.0,13404627.0
2018-01-15,8.49,8.36,8.58,8.33,1832458.0,15432556.0
2018-01-16,8.36,8.59,8.84,8.25,6303020.0,54083677.0
2018-01-17,8.56,8.49,8.58,8.41,2729388.0,23181891.0
2018-01-18,8.47,8.39,8.51,8.38,1965763.0,16552357.0
2018-01-19,8.39,8.18,8.39,8.16,3472030.0,28544272.0
2018-01-22,8.17,8.22,8.28,8.09,1686550.0,13814965.0
2018-01-23,8.2,8.24,8.32,8.16,1424486.0,11769143.0
2018-01-24,8.24,8.31,8.34,8.22,1956370.0,16231998.0
2018-01-25,8.32,8.6,8.8,8.25,4603242.0,39338676.0
2018-01-26,8.51,8.51,8.54,8.44,2944916.0,24988546.0
2018-01-29,8.51,8.26,8.55,8.19,3558613.0,29655642.0
2018-01-30,8.2,8.25,8.32,8.19,1637090.0,13474797.0
2018-01-31,8.25,8.18,8.29,8.13,1687431.0,13853573.0
2018-02-01,8.15,7.89,8.23,7.88,2464385.0,19779410.0
2018-02-02,7.91,8.07,8.14,7.78,1996027.0,16015091.0
2018-02-05,8.14,8.23,8.3,8.01,2235154.0,18304149.0
2018-02-06,8.17,7.86,8.19,7.76,2935192.0,23201530.0
2018-02-07,7.91,8.0,8.07,7.81,2298780.0,18328052.0
2018-02-08,7.99,8.05,8.08,7.9,1460740.0,11685479.0
2018-02-09,7.98,7.92,7.98,7.81,2080235.0,16418197.0
2018-02-12,7.98,7.96,8.04,7.92,1158756.0,9250368.0
2018-02-13,7.97,7.91,8.03,7.91,928407.0,7412506.0
2018-02-14,7.91,7.92,7.94,7.86,632768.0,5000830.0
2018-02-22,8.0,7.97,8.0,7.9,1100361.0,8747354.0
2018-02-23,7.93,8.04,8.08,7.9,1474210.0,11783865.0
2018-02-26,8.03,8.13,8.14,8.0,1913958.0,15485120.0
2018-02-27,8.11,8.08,8.14,8.04,1848088.0,14934048.0
2018-02-28,8.04,8.07,8.14,7.96,1481369.0,11949829.0
2018-03-01,7.99,8.08,8.1,7.99,1194664.0,9632865.0
2018-03-02,8.08,8.11,8.14,8.04,1591717.0,12895196.0
2018-03-05,8.26,8.38,8.47,8.23,4496954.0,37582721.0
2018-03-06,8.33,8.58,8.6,8.33,4740884.0,40414117.0
2018-03-07,8.64,8.51,8.64,8.4,3187283.0,27128843.0
2018-03-08,8.5,8.56,8.57,8.29,4103190.0,34664993.0
2018-03-09,8.48,8.66,8.67,8.44,3783418.0,32460814.0
2018-03-12,8.62,8.65,8.78,8.56,4525546.0,39091817.0
2018-03-13,8.66,8.59,8.72,8.58,4207741.0,36364586.0
2018-03-14,8.55,8.63,8.65,8.53,3187961.0,27464029.0
2018-03-15,8.71,8.66,8.8,8.49,4399027.0,38146202.0
2018-03-16,8.66,8.68,8.71,8.52,3606741.0,31074812.0
2018-03-19,8.67,8.53,8.67,8.52,2447417.0,20979814.0
2018-03-20,8.5,8.46,8.5,8.39,2490299.0,21039544.0
2018-03-21,8.46,8.48,8.68,8.41,3409330.0,29178606.0
2018-03-22,8.47,8.51,8.6,8.44,2062672.0,17590431.0
2018-03-23,8.38,9.33,9.36,8.24,33460756.0,307119256.0
2018-03-26,9.29,8.91,9.29,8.55,23182943.0,204491827.0
2018-03-27,8.75,9.17,9.19,8.67,18033911.0,160408962.0
2018-03-28,8.98,8.78,9.0,8.77,11151059.0,99023451.0
2018-03-29,8.84,8.88,8.9,8.7,7454027.0,65623130.0
2018-03-30,8.83,8.78,8.89,8.72,7761010.0,68288752.0
2018-04-02,8.96,9.04,9.2,8.83,13094365.0,117851249.0
2018-04-03,8.94,9.15,9.33,8.87,16718670.0,153827606.0
2018-04-04,9.08,9.51,9.56,9.04,18824576.0,176096654.0
2018-04-09,9.52,9.45,9.87,9.33,18435624.0,176280023.0
2018-04-10,9.37,9.24,9.45,9.09,8800949.0,80887304.0
2018-04-11,9.21,9.52,9.59,8.99,11286353.0,104381486.0
2018-04-12,9.41,9.23,9.46,9.2,7121881.0,66330937.0
2018-04-13,9.27,9.13,9.34,9.06,5056168.0,46285869.0
2018-04-16,9.08,9.21,9.23,9.03,4472749.0,40745082.0
2018-04-17,9.16,9.05,9.22,9.01,5420362.0,49330915.0
2018-04-18,9.08,8.85,9.11,8.67,6226897.0,54940934.0
2018-04-19,8.72,8.79,8.88,8.66,3828958.0,33689038.0
2018-04-20,8.81,8.57,8.85,8.56,3834699.0,33351474.0
2018-04-23,8.58,8.34,8.71,8.22,5201461.0,43941977.0
2018-04-24,8.32,8.49,8.51,8.31,3226596.0,27171430.0
2018-04-25,8.49,8.44,8.53,8.36,2383333.0,20126016.0
2018-04-26,8.47,8.6,8.79,8.37,6444100.0,55772507.0
2018-04-27,8.66,8.54,8.66,8.44,2208699.0,18876765.0
2018-05-02,8.54,8.64,8.67,8.48,2121218.0,18208762.0
2018-05-03,8.67,8.7,8.79,8.56,3100262.0,26861946.0
2018-05-04,8.69,8.62,8.74,8.56,2229636.0,19242481.0
2018-05-07,8.6,8.7,8.72,8.56,2668365.0,23129802.0
2018-05-08,8.66,8.86,8.87,8.64,4039428.0,35458238.0
2018-05-09,8.8,9.13,9.18,8.8,6653295.0,60065001.0
2018-05-10,9.18,9.08,9.23,9.04,3613475.0,32927247.0
2018-05-11,9.16,8.84,9.16,8.83,4217995.0,37578660.0
2018-05-14,8.83,8.94,8.96,8.76,2525562.0,22455388.0
2018-05-15,8.86,9.06,9.12,8.85,3499849.0,31633950.0
2018-05-16,9.02,8.93,9.09,8.92,2582682.0,23260728.0
2018-05-17,9.03,9.02,9.03,8.82,2675934.0,23923644.0
2018-05-18,9.02,9.15,9.18,8.95,4258845.0,38834028.0
2018-05-21,9.0,9.14,9.24,8.99,4077868.0,37162399.0
2018-05-22,9.07,9.33,9.37,9.07,4977143.0,46081712.0
2018-05-23,9.26,9.28,9.54,9.23,6605983.0,62152590.0
2018-05-24,9.28,9.3,9.47,9.26,4053274.0,37889402.0
2018-05-25,9.33,9.08,9.36,9.02,3187024.0,29154364.0
2018-05-28,9.15,9.42,9.5,9.02,5808486.0,54367712.0
2018-05-29,9.25,9.12,9.52,9.06,3846158.0,35725172.0
2018-05-30,9.03,9.26,9.49,8.95,6601854.0,61567519.0
2018-05-31,9.11,9.74,9.75,9.11,10150523.0,97194695.0
2018-06-01,9.57,9.58,9.77,9.33,7610100.0,72354820.0
2018-06-04,9.57,9.4,9.59,9.35,4402822.0,41489381.0
2018-06-05,9.35,9.47,9.52,9.25,4729827.0,44440398.0
2018-06-06,9.52,10.06,10.17,9.46,14476592.0,143556048.0
2018-06-07,9.98,9.86,10.05,9.81,7986286.0,79131070.0
2018-06-08,9.86,9.93,9.98,9.65,7257844.0,71003405.0
2018-06-11,9.8,9.67,9.87,9.64,4696418.0,45710164.0
2018-06-12,9.67,9.93,9.94,9.47,6551779.0,63695379.0
2018-06-13,9.85,9.68,9.93,9.56,5188264.0,50683147.0
2018-06-14,9.61,9.54,9.76,9.37,5167428.0,49367395.0
2018-06-15,9.52,9.15,9.59,9.07,7021055.0,64862834.0
2018-06-19,9.28,8.58,9.49,8.38,6967413.0,61998269.0
2018-06-20,8.62,8.9,9.1,8.42,5414889.0,47417395.0
2018-06-21,8.79,8.93,9.11,8.71,4499117.0,40254332.0
2018-06-22,8.85,9.02,9.08,8.72,2213426.0,19804889.0
2018-06-25,9.1,8.9,9.12,8.86,1935588.0,17385703.0
2018-06-26,8.77,9.03,9.04,8.74,1962823.0,17519152.0
2018-06-27,9.03,8.95,9.07,8.85,1546444.0,13849802.0
2018-06-28,8.85,8.84,8.96,8.74,1760884.0,15540836.0
2018-06-29,8.84,8.98,8.99,8.67,2039227.0,18078696.0
2018-07-02,8.98,8.85,9.07,8.77,1525513.0,13597058.0
2018-07-03,8.79,8.72,8.88,8.48,3859649.0,33354007.0
2018-07-04,8.66,8.4,8.66,8.28,3118564.0,26331754.0
2018-07-05,8.3,8.11,8.4,8.09,2130120.0,17583839.0
2018-07-06,8.08,8.23,8.33,7.81,2442159.0,19747541.0
2018-07-09,8.18,8.45,8.53,8.1,2200758.0,18509970.0
2018-07-10,8.45,8.48,8.5,8.39,1228761.0,10395498.0
2018-07-11,8.31,8.56,8.68,8.25,2476788.0,21113636.0
2018-07-12,8.56,8.64,8.69,8.48,2346534.0,20254486.0
2018-07-13,8.63,8.71,8.74,8.55,1510666.0,13051769.0
2018-07-16,8.6,8.49,8.74,8.47,1639104.0,13984234.0
2018-07-17,8.46,8.79,8.81,8.38,2783333.0,24055858.0
2018-07-18,8.9,8.7,8.92,8.68,2802286.0,24585229.0
2018-07-19,8.69,8.66,8.76,8.59,1100304.0,9509548.0
2018-07-20,8.63,8.81,8.93,8.63,2224509.0,19647347.0
2018-07-23,8.84,8.84,8.93,8.77,2112087.0,18719413.0
2018-07-24,8.86,8.88,8.98,8.77,2718286.0,24138118.0
2018-07-25,8.85,8.78,8.87,8.58,3900833.0,33944900.0
2018-07-26,8.71,8.71,8.81,8.64,1737191.0,15110317.0
2018-07-27,8.71,8.73,8.79,8.58,1218101.0,10620544.0
2018-07-30,8.81,8.89,8.99,8.76,3030912.0,26956348.0
2018-07-31,8.76,8.78,8.87,8.59,2091996.0,18292008.0
2018-08-01,8.81,8.83,8.91,8.68,1948618.0,17197823.0
2018-08-02,8.78,8.47,8.78,8.36,2854611.0,24271152.0
2018-08-03,8.46,8.42,8.64,8.36,2442404.0,20734265.0
2018-08-06,8.41,8.18,8.46,7.95,4148891.0,33861459.0
2018-08-07,8.15,8.31,8.33,8.09,1792266.0,14813291.0
2018-08-08,8.31,8.24,8.44,8.22,2441181.0,20366444.0
2018-08-09,8.26,8.42,8.5,8.18,2144745.0,18057432.0
2018-08-10,8.42,8.62,8.68,8.39,1845433.0,15880800.0
2018-08-13,8.56,8.76,8.81,8.48,2738734.0,23787004.0
2018-08-14,8.77,8.65,8.77,8.59,1599079.0,13851475.0
2018-08-15,8.66,8.71,8.9,8.65,3076996.0,27020633.0
2018-08-16,8.69,8.42,8.76,8.37,2357438.0,20143732.0
2018-08-17,8.56,8.31,8.59,8.28,2029232.0,17042950.0
2018-08-20,8.19,8.21,8.38,8.01,2680156.0,21845895.0
2018-08-21,8.15,8.25,8.28,8.1,1442729.0,11827406.0
2018-08-22,8.25,8.36,8.45,8.09,2154282.0,17750590.0
2018-08-23,8.35,8.22,8.35,8.18,1931136.0,15900151.0
2018-08-24,8.06,8.22,8.27,8.06,855762.0,7015235.0
2018-08-27,8.31,8.29,8.37,8.2,1295291.0,10732346.0
2018-08-28,8.23,8.27,8.36,8.23,1281166.0,10612531.0
2018-08-29,8.3,8.38,8.48,8.22,2216543.0,18595506.0
2018-08-30,8.47,8.21,8.47,8.2,1414494.0,11754671.0
2018-08-31,8.18,8.09,8.24,8.09,1400267.0,11393734.0
2018-09-03,8.1,8.01,8.11,7.88,2087131.0,16617942.0
2018-09-04,8.04,8.04,8.05,7.88,2898100.0,23041271.0
2018-09-05,8.01,7.93,8.05,7.93,1536505.0,12262330.0
2018-09-06,7.93,7.93,7.99,7.9,1370337.0,10879424.0
2018-09-07,7.92,7.84,7.98,7.83,1897525.0,14974451.0
2018-09-10,7.85,7.83,7.92,7.8,1663058.0,13074187.0
2018-09-11,7.79,7.42,7.83,7.42,2898556.0,21851902.0
2018-09-12,7.47,7.45,7.5,7.38,1207174.0,8986201.0
2018-09-13,7.5,7.48,7.55,7.42,1068670.0,7981137.0
2018-09-14,7.87,7.7,8.1,7.66,3149940.0,24536155.0
2018-09-17,7.71,7.54,7.74,7.47,2010774.0,15214811.0
2018-09-18,7.51,7.64,7.64,7.47,1674237.0,12644658.0
2018-09-19,7.57,7.63,7.68,7.55,1551516.0,11827437.0
2018-09-20,7.61,7.52,7.64,7.51,1298017.0,9805493.0
2018-09-21,7.59,7.59,7.61,7.51,1382817.0,10456668.0
2018-09-25,7.59,7.65,7.73,7.42,2690231.0,20554342.0
2018-09-26,7.64,7.65,7.7,7.58,2321752.0,17736734.0
2018-09-27,7.65,7.45,7.65,7.4,3025629.0,22706719.0
2018-09-28,7.42,7.45,7.49,7.39,2047380.0,15231642.0
2018-10-08,7.45,7.29,7.45,7.25,2809478.0,20621750.0
2018-10-09,7.3,7.32,7.4,7.14,2832017.0,20519891.0
2018-10-10,7.31,7.27,7.34,7.17,1508194.0,10970352.0
2018-10-11,7.17,6.93,7.26,6.81,3094187.0,21805041.0
2018-10-12,6.91,6.86,6.95,6.67,1543438.0,10542029.0
2018-10-15,6.86,6.88,6.98,6.82,1469455.0,10142081.0
2018-10-16,6.95,6.69,6.96,6.62,1591651.0,10738951.0
2018-10-17,6.75,6.82,6.94,6.65,1936534.0,13198463.0
2018-10-18,6.8,6.56,6.8,6.46,1558796.0,10363938.0
2018-10-19,6.46,6.69,6.74,6.29,1797269.0,11881320.0
2018-10-22,6.79,6.91,6.98,6.76,2792529.0,19265763.0
2018-10-23,6.92,6.78,6.94,6.74,2081790.0,14168824.0
2018-10-24,6.71,6.85,6.86,6.71,2301170.0,15642639.0
2018-10-25,6.8,6.86,6.97,6.66,3093623.0,21056205.0
2018-10-26,6.89,7.02,7.04,6.87,3310774.0,23152304.0
2018-10-29,7.03,6.94,7.04,6.93,1943596.0,13575773.0
2018-10-30,6.99,6.98,7.1,6.93,2693910.0,18916662.0
2018-10-31,7.0,7.22,7.29,7.0,4017775.0,28908946.0
2018-11-01,7.18,7.28,7.41,7.18,3268145.0,23965792.0
2018-11-02,7.35,7.35,7.41,7.25,2570909.0,18839198.0
2018-11-05,7.34,7.38,7.47,7.25,2268960.0,16721184.0
2018-11-06,7.33,7.44,7.47,7.23,2421411.0,17780118.0
2018-11-07,7.44,7.33,7.46,7.29,2442090.0,17957441.0
2018-11-08,7.34,7.38,7.5,7.34,2255706.0,16759360.0
2018-11-09,7.38,7.5,7.53,7.38,2611174.0,19528575.0
2018-11-12,7.52,7.53,7.56,7.38,1955916.0,14628614.0
2018-11-13,7.51,7.61,7.65,7.39,2250542.0,17093336.0
2018-11-14,7.62,7.7,7.77,7.54,2388421.0,18425696.0
2018-11-15,7.7,7.79,7.79,7.7,1837327.0,14246604.0
2018-11-16,7.78,7.85,7.88,7.71,2293026.0,17933787.0
2018-11-19,7.88,7.88,7.9,7.75,1953877.0,15321921.0
2018-11-20,7.84,7.61,7.88,7.56,2146722.0,16580054.0
2018-11-21,7.57,7.74,7.76,7.57,2027662.0,15596457.0
2018-11-22,7.82,7.73,7.9,7.66,1708091.0,13288534.0
2018-11-23,7.78,7.99,8.07,7.66,6147868.0,48908135.0
2018-11-26,7.97,7.41,7.97,7.26,6182554.0,46557421.0
2018-11-27,7.4,7.36,7.48,7.25,2986383.0,22029812.0
2018-11-28,7.34,7.4,7.42,7.16,2285291.0,16716410.0
2018-11-29,7.42,7.41,7.53,7.29,2581221.0,19137475.0
2018-11-30,7.36,7.36,7.42,7.18,2858100.0,20837749.0
2018-12-03,7.38,7.47,7.71,7.38,3674816.0,27728864.0
2018-12-04,7.4,7.58,7.6,7.4,2749628.0,20722423.0
2018-12-05,7.48,7.45,7.58,7.36,2882774.0,21436686.0
2018-12-06,7.44,7.34,7.45,7.28,2068292.0,15213959.0
2018-12-07,7.35,7.3,7.38,7.18,2013241.0,14665494.0
2018-12-10,7.34,7.17,7.34,7.11,2136055.0,15364320.0
2018-12-11,7.17,7.17,7.21,7.1,2122700.0,15156873.0
2018-12-12,7.19,7.15,7.26,7.14,1035472.0,7452369.0
2018-12-13,7.15,7.3,7.34,7.15,1995666.0,14522607.0
2018-12-14,7.3,7.13,7.34,7.09,1834538.0,13164492.0
2018-12-17,7.05,7.06,7.13,6.89,2007066.0,14073098.0
2018-12-18,7.06,7.23,7.24,6.86,3190979.0,22493834.0
2018-12-19,7.2,7.05,7.2,6.98,2672970.0,18981059.0
2018-12-20,7.0,7.32,7.35,6.96,4832217.0,35062811.0
2018-12-21,7.38,7.26,7.39,7.2,4119466.0,30110232.0
2018-12-24,7.39,7.37,7.42,7.29,3079558.0,22661958.0
2018-12-25,7.34,7.46,7.47,7.2,3954913.0,29127454.0
2018-12-26,7.42,7.53,7.58,7.42,3248997.0,24374824.0
2018-12-27,7.56,7.38,7.58,7.29,2407665.0,17802575.0
2018-12-28,7.35,7.38,7.41,7.2,1760843.0,12882769.0
2019-01-02,7.34,7.36,7.52,7.33,2335841.0,17315236.0
2019-01-03,7.42,7.63,7.64,7.24,4140747.0,31070640.0
2019-01-04,7.59,7.57,7.59,7.44,3321554.0,24968648.0
2019-01-07,7.53,7.86,7.87,7.47,4801991.0,36715578.0
2019-01-08,7.77,7.7,7.77,7.62,3806224.0,29267586.0
2019-01-09,7.7,7.58,7.73,7.56,3194149.0,24384205.0
2019-01-10,7.58,7.47,7.58,7.43,2329793.0,17421261.0
2019-01-11,7.44,7.46,7.5,7.39,1853125.0,13796912.0
2019-01-14,7.48,7.39,7.52,7.38,2145921.0,15964852.0
2019-01-15,7.41,7.42,7.43,7.3,1814179.0,13368862.0
2019-01-16,7.43,7.42,7.46,7.4,1345740.0,10003895.0
2019-01-17,7.45,7.28,7.45,7.23,2271712.0,16636005.0
2019-01-18,7.28,7.3,7.33,7.25,1380202.0,10052032.0
2019-01-21,7.3,7.53,7.55,7.3,4286650.0,31979777.0
2019-01-22,7.5,7.38,7.55,7.28,4381292.0,32508061.0
2019-01-23,7.38,7.7,7.76,7.29,7288833.0,55359710.0
2019-01-24,7.73,7.62,7.75,7.49,7839902.0,59826731.0
2019-01-25,7.63,7.7,7.74,7.54,4484228.0,34365744.0
2019-01-28,7.66,7.55,7.96,7.53,3028594.0,23023682.0
2019-01-29,7.58,7.29,7.58,7.28,4242715.0,31237469.0
2019-01-30,7.23,7.18,7.34,7.18,3326130.0,24106100.0
2019-01-31,7.1,7.21,7.3,7.1,2583102.0,18616483.0
2019-02-01,7.21,7.31,7.32,7.18,1891724.0,13763813.0
2019-02-11,7.32,7.6,7.66,7.32,5436788.0,41066168.0
2019-02-12,7.69,7.6,7.69,7.5,4854056.0,36782807.0
2019-02-13,7.6,7.65,7.66,7.55,5901278.0,44862907.0
2019-02-14,7.61,7.64,7.71,7.54,5420912.0,41295854.0
2019-02-15,7.58,8.4,8.4,7.58,19672519.0,160116074.0
2019-02-18,8.4,9.24,9.24,8.28,27199236.0,239591398.0
2019-02-19,9.26,9.1,9.29,8.82,18918305.0,170842827.0
2019-02-20,9.12,9.76,9.98,9.12,22798377.0,219883841.0
2019-02-21,9.6,10.18,10.66,9.37,20502640.0,205184785.0
2019-02-22,10.13,10.0,10.36,9.66,12633079.0,125951539.0
2019-02-25,10.31,10.16,10.31,9.61,17186176.0,171133438.0
2019-02-26,10.06,10.52,11.16,9.9,21287639.0,224141271.0
2019-02-27,10.5,10.01,10.53,9.88,10697556.0,108153947.0
2019-02-28,9.97,9.92,10.23,9.79,6322547.0,62878107.0
2019-03-01,9.92,10.42,10.71,9.82,15206282.0,155414564.0
2019-03-04,10.43,10.9,11.47,10.43,18029865.0,199399950.0
2019-03-05,10.85,11.39,11.48,10.75,15423628.0,173212412.0
2019-03-06,11.22,11.26,11.31,10.83,11539930.0,127581042.0
2019-03-07,11.14,11.06,11.67,10.69,16926176.0,186195607.0
2019-03-08,10.73,10.49,11.02,10.48,14484966.0,155935783.0
2019-03-11,10.72,10.92,11.04,10.4,16185825.0,174004581.0
2019-03-12,10.82,12.02,12.02,10.68,28954470.0,338203934.0
2019-03-13,12.31,11.26,12.69,11.04,27758846.0,333608549.0
2019-03-14,10.85,11.04,11.59,10.53,14094076.0,155431244.0
2019-03-15,11.28,10.8,11.42,10.57,12308587.0,134983810.0
2019-03-18,10.8,10.83,11.02,10.47,9531814.0,101871912.0
2019-03-19,10.72,10.76,10.82,10.41,9326014.0,99244215.0
2019-03-20,10.68,10.51,10.76,10.4,7912092.0,83263029.0
2019-03-21,10.51,10.49,10.61,10.44,10407958.0,109494235.0
2019-03-22,10.52,10.3,10.57,10.0,13669679.0,139816282.0
2019-03-25,10.23,10.12,10.4,10.07,8367867.0,85686791.0
2019-03-26,10.17,10.02,10.44,10.0,9755238.0,99768396.0
2019-03-27,10.07,9.72,10.13,9.54,11759930.0,114477953.0
2019-03-28,9.77,9.85,10.02,9.61,9119295.0,90068796.0
2019-03-29,9.87,10.14,10.22,9.76,11577534.0,116923062.0
2019-04-01,10.18,10.46,10.54,10.11,12447631.0,129726512.0
2019-04-02,10.58,10.29,10.64,10.22,10723609.0,111011400.0
2019-04-03,10.2,10.24,10.37,10.11,6173108.0,63105122.0
2019-04-04,10.25,10.41,10.52,10.18,13410332.0,138814197.0
2019-04-08,10.62,10.42,10.67,10.28,10473965.0,109456513.0
2019-04-09,10.33,10.28,10.37,10.19,6316424.0,64921316.0
2019-04-10,10.18,9.99,10.24,9.97,9177035.0,92485031.0
2019-04-11,10.07,10.38,10.68,10.0,16045718.0,167072930.0
2019-04-12,10.42,11.04,11.1,10.09,24813317.0,266678302.0
2019-04-15,11.26,10.47,11.32,10.46,16571446.0,179742382.0
2019-04-16,10.37,10.49,10.73,10.16,12035342.0,125255948.0
2019-04-17,10.47,10.89,10.9,10.21,19628931.0,208045960.0
2019-04-18,10.76,11.16,11.37,10.67,20875927.0,232417890.0
2019-04-19,10.97,10.9,11.11,10.73,10778932.0,117590916.0
2019-04-22,10.9,11.99,11.99,10.76,30165162.0,351126407.0
2019-04-23,12.04,13.19,13.19,12.04,38934224.0,504097298.0
2019-04-24,13.32,13.34,13.85,12.64,40226809.0,530534630.0
2019-04-25,12.85,12.94,14.26,12.7,33629107.0,455609495.0
2019-04-26,12.52,13.33,13.49,11.78,28617556.0,366498079.0
2019-04-29,13.27,12.28,13.34,12.05,26422306.0,338439501.0
2019-04-30,11.95,13.5,13.5,11.64,18717541.0,242887078.0
2019-05-06,13.68,13.67,14.65,13.2,46999763.0,656746884.0
2019-05-07,13.67,13.48,14.24,12.86,38780204.0,525410160.0
2019-05-08,12.85,12.12,12.85,12.12,31741753.0,388151914.0
2019-05-09,11.48,11.9,12.25,11.34,26231399.0,307949605.0
2019-05-10,11.98,12.34,12.64,11.58,32416592.0,397291346.0
2019-05-13,12.02,11.71,12.04,11.47,22866356.0,268051822.0
2019-05-14,11.66,11.79,12.09,11.23,22636357.0,265704686.0
2019-05-15,11.8,11.9,11.98,11.51,19926113.0,234903245.0
2019-05-16,11.82,11.61,12.18,11.61,17255824.0,204291633.0
2019-05-17,11.67,11.75,12.16,11.24,27031050.0,316546095.0
2019-05-20,11.44,10.59,11.44,10.58,21300329.0,228967464.0
2019-05-21,10.66,11.04,11.08,10.64,14154058.0,154301694.0
2019-05-22,11.15,10.73,11.15,10.59,12404519.0,134388561.0
2019-05-23,10.69,10.49,10.73,10.18,12490144.0,130994267.0
2019-05-24,10.49,10.22,10.78,10.07,12712915.0,131577825.0
2019-05-27,10.26,10.63,10.65,10.22,11172474.0,116977507.0
2019-05-28,10.62,11.22,11.7,10.61,27096997.0,303100327.0
2019-05-29,11.04,11.54,11.69,11.02,20485432.0,231916653.0
2019-05-30,11.47,12.69,12.69,11.47,30152580.0,361224288.0
2019-05-31,12.69,13.26,13.56,12.2,34928723.0,449103745.0
2019-06-03,13.13,12.3,13.66,11.93,30398375.0,386048593.0
2019-06-04,12.28,12.68,12.68,11.71,25141400.0,308992933.0
2019-06-05,12.37,12.18,12.66,11.97,19002868.0,233643477.0
2019-06-06,12.18,11.91,12.42,11.63,15806412.0,188609192.0
2019-06-10,11.96,11.69,12.04,11.23,13324434.0,154189990.0
2019-06-11,11.8,12.81,12.85,11.66,23542430.0,290258330.0
2019-06-12,12.56,12.44,12.92,12.37,18159072.0,228913318.0
2019-06-13,12.46,12.25,12.68,12.03,12700190.0,156427041.0
2019-06-14,12.14,11.54,12.23,11.44,14383745.0,170446770.0
2019-06-17,11.81,11.65,12.0,11.42,11366727.0,133071365.0
2019-06-18,11.85,12.05,12.14,11.5,15413596.0,183495689.0
2019-06-19,12.35,11.78,12.4,11.75,17081941.0,205804274.0
2019-06-20,11.68,11.91,12.0,11.46,14335878.0,167712592.0
2019-06-21,11.81,11.7,11.9,11.55,12939306.0,151271745.0
2019-06-24,11.69,11.83,11.96,11.47,11842025.0,139059867.0
2019-06-25,11.7,11.46,11.77,11.27,11299481.0,129920920.0
2019-06-26,11.45,11.46,11.7,11.39,5592746.0,64491729.0
2019-06-27,11.56,11.53,11.7,11.39,8328742.0,95778568.0
2019-06-28,11.47,11.42,11.63,11.41,5013485.0,57626928.0
2019-07-01,11.6,11.72,11.87,11.42,9241850.0,107644192.0
2019-07-02,11.59,12.16,12.5,11.57,18607840.0,225615730.0
2019-07-03,11.97,12.18,12.3,11.88,12015883.0,145358901.0
2019-07-04,12.22,11.9,12.3,11.8,9892627.0,119192287.0
2019-07-05,11.86,12.44,12.59,11.86,17546405.0,214688721.0
2019-07-08,12.48,12.43,12.87,12.25,21696061.0,272098801.0
2019-07-09,12.35,12.43,12.63,11.71,17621073.0,213862041.0
2019-07-10,12.28,12.05,12.52,11.92,10203055.0,124457467.0
2019-07-11,12.05,11.74,12.2,11.6,8487561.0,101169443.0
2019-07-12,11.67,11.66,11.88,11.39,8379889.0,97053780.0
2019-07-15,11.68,11.92,12.06,11.39,7933120.0,93561703.0
2019-07-16,12.52,12.6,13.03,12.35,28684446.0,361955153.0
2019-07-17,12.85,12.84,13.27,12.48,33148786.0,427023169.0
2019-07-18,12.74,12.92,13.32,12.6,28778726.0,375169673.0
2019-07-19,12.9,13.12,13.27,12.75,24105144.0,314833673.0
2019-07-22,12.83,12.43,12.83,12.3,18431009.0,230836945.0
2019-07-23,12.53,12.94,13.09,12.42,18417987.0,235357418.0
2019-07-24,13.05,13.52,13.65,12.81,25719972.0,342519094.0
2019-07-25,13.64,13.9,13.94,13.35,19679105.0,267534987.0
2019-07-26,13.9,13.92,14.08,13.48,19823050.0,273137256.0
2019-07-29,13.8,13.68,13.92,13.43,15281727.0,209308273.0
2019-07-30,13.65,13.55,13.8,13.51,13588473.0,185399244.0
2019-07-31,13.44,13.77,14.16,13.41,19869219.0,276057137.0
2019-08-01,13.7,13.86,14.21,13.62,16508994.0,230704055.0
2019-08-02,13.51,14.26,14.29,13.41,18527610.0,258031755.0
2019-08-05,14.08,14.17,14.52,13.99,17838497.0,253974184.0
2019-08-06,13.77,13.76,14.11,13.51,14574634.0,201004697.0
2019-08-07,13.94,13.26,13.99,13.24,15060785.0,203925259.0
2019-08-08,13.29,13.14,13.46,12.97,11627703.0,153834090.0
2019-08-09,13.31,13.0,13.5,12.82,12788749.0,169120459.0
2019-08-12,13.03,13.14,13.27,12.89,8453589.0,110551178.0
2019-08-13,13.16,13.08,13.27,13.03,6975440.0,91468258.0
2019-08-14,13.21,13.43,13.44,12.94,13043396.0,172151098.0
2019-08-15,13.17,13.34,13.4,12.97,11620400.0,152810394.0
2019-08-16,13.3,13.8,13.91,13.2,16344570.0,222725352.0
2019-08-19,13.72,14.1,14.14,13.32,19590073.0,267660910.0
2019-08-20,13.87,13.9,14.09,13.72,11226652.0,155855554.0
2019-08-21,13.9,13.39,14.02,13.35,12779843.0,173594701.0
2019-08-22,13.47,13.37,13.59,13.11,9239671.0,123346177.0
2019-08-23,13.32,13.17,13.36,12.94,9751413.0,127864652.0
2019-08-26,12.92,13.18,13.31,12.88,7838536.0,103176191.0
2019-08-27,13.27,13.42,13.56,13.11,9891322.0,132407385.0
2019-08-28,13.41,13.79,13.97,13.28,16033035.0,219501017.0
2019-08-29,13.68,13.49,13.78,13.42,9654950.0,130385206.0
2019-08-30,13.56,13.17,13.56,13.03,8850850.0,117251795.0
2019-09-02,13.17,13.34,13.35,13.11,7017134.0,92975406.0
2019-09-03,13.27,13.36,13.68,13.26,9813645.0,132013437.0
2019-09-04,13.34,13.21,13.34,13.04,8282099.0,109074668.0
2019-09-05,13.31,13.4,13.54,13.15,10449141.0,139646439.0
2019-09-06,13.36,13.17,13.43,13.03,10368603.0,136459550.0
2019-09-09,13.17,13.3,13.31,13.04,8362009.0,109900453.0
2019-09-10,13.22,13.34,13.61,13.16,16366801.0,219976145.0
2019-09-11,13.34,13.19,13.38,13.07,10936982.0,144053084.0
2019-09-12,13.16,13.26,13.31,13.06,5978875.0,78801685.0
2019-09-16,13.22,13.42,13.49,13.18,10785581.0,144434710.0
2019-09-17,13.42,13.4,13.54,13.31,11109301.0,149171137.0
2019-09-18,13.4,13.21,13.47,13.08,6205076.0,81806417.0
2019-09-19,13.21,13.2,13.25,12.96,6579397.0,86230736.0
2019-09-20,13.14,13.21,13.22,13.12,3587005.0,47265497.0
2019-09-23,13.2,12.56,13.2,12.16,11563130.0,145683901.0
2019-09-24,12.62,12.37,12.62,12.35,6229023.0,77540819.0
2019-09-25,12.38,12.15,12.39,11.88,6643512.0,80395414.0
2019-09-26,12.21,11.51,12.29,11.49,8296181.0,97530115.0
2019-09-27,11.13,11.56,11.83,11.11,7804481.0,90597602.0
2019-09-30,11.77,11.57,11.77,11.48,4412059.0,51171587.0
2019-10-08,11.71,11.97,12.05,11.5,6739880.0,79531942.0
2019-10-09,11.9,11.97,12.14,11.79,4333694.0,51702534.0
2019-10-10,11.98,12.15,12.18,11.91,6318142.0,76240872.0
2019-10-11,12.06,11.98,12.13,11.82,6202953.0,74026619.0
2019-10-14,12.11,12.06,12.15,11.98,6154268.0,74237727.0
2019-10-15,12.03,12.13,12.27,11.99,4816757.0,58430881.0
2019-10-16,12.06,11.92,12.18,11.92,3293753.0,39488874.0
2019-10-17,12.04,12.07,12.2,12.03,5552700.0,67235821.0
2019-10-18,12.01,11.89,12.2,11.73,4498566.0,53935512.0
2019-10-21,11.94,12.33,12.41,11.94,11505865.0,140579828.0
2019-10-22,12.25,12.24,12.31,12.05,6941423.0,84549381.0
2019-10-23,12.2,12.32,12.59,12.17,7987620.0,98987706.0
2019-10-24,12.33,12.78,12.8,12.1,15430191.0,193552372.0
2019-10-25,12.8,13.4,13.78,12.57,25654607.0,338989014.0
2019-10-28,13.05,13.33,13.4,12.54,17450821.0,228929546.0
2019-10-29,13.17,13.47,13.8,13.11,26734112.0,362901941.0
2019-10-30,13.4,13.55,13.7,12.95,17243000.0,230087301.0
2019-10-31,13.41,13.01,13.49,12.8,16705991.0,219349020.0
2019-11-01,12.96,13.15,13.29,12.64,12053983.0,156738532.0
2019-11-04,12.99,13.16,13.21,12.77,10745080.0,139813399.0
2019-11-05,13.13,13.34,13.63,13.11,15853160.0,212710713.0
2019-11-06,13.29,12.96,13.4,12.79,11367031.0,147689166.0
2019-11-07,12.93,13.51,13.8,12.89,21319254.0,287112708.0
2019-11-08,13.54,13.17,13.61,13.07,13545978.0,179635161.0
2019-11-11,13.12,12.61,13.26,12.54,13212143.0,169689817.0
2019-11-12,12.59,12.73,12.83,12.47,8571679.0,108528513.0
2019-11-13,12.74,12.75,12.92,12.59,5443745.0,69475460.0
2019-11-14,12.73,12.45,12.74,12.42,7851768.0,98118071.0
2019-11-15,12.37,12.08,12.39,11.93,8489242.0,102908452.0
2019-11-18,11.95,12.02,12.2,11.82,4850677.0,58424858.0
2019-11-19,12.1,12.11,12.18,11.89,4542376.0,54683525.0
2019-11-20,12.06,11.78,12.08,11.76,6633477.0,78720982.0
2019-11-21,11.82,11.84,11.92,11.68,3515024.0,41531559.0
2019-11-22,11.84,11.5,11.87,11.47,6075823.0,70601463.0
2019-11-25,11.47,11.55,11.66,11.47,3854921.0,44540178.0
2019-11-26,11.62,11.64,11.64,11.45,4183784.0,48349949.0
2019-11-27,11.62,11.5,11.62,11.48,3528310.0,40689152.0
2019-11-28,11.51,11.52,11.7,11.4,4162995.0,48096312.0
2019-11-29,11.48,11.38,11.5,11.23,3853436.0,43653310.0
2019-12-02,11.42,11.48,11.63,11.38,5230845.0,60261397.0
2019-12-03,11.44,11.53,11.53,11.3,2964525.0,33976711.0
2019-12-04,11.45,11.45,11.57,11.36,3590388.0,41058986.0
2019-12-05,11.42,11.49,11.51,11.41,3473041.0,39785324.0
2019-12-06,11.51,11.56,11.72,11.49,4663206.0,54070280.0
2019-12-09,11.57,11.51,11.69,11.46,6442337.0,74470798.0
2019-12-10,11.54,11.26,11.63,11.17,8317888.0,94298335.0
2019-12-11,11.24,11.07,11.31,11.01,6741331.0,75076957.0
2019-12-12,11.12,11.12,11.17,11.0,3997552.0,44359759.0
2019-12-13,11.14,11.15,11.16,10.96,4752448.0,52589691.0
2019-12-16,11.1,11.33,11.34,11.05,5459645.0,61081180.0
2019-12-17,11.34,11.5,11.6,11.27,7625153.0,87590605.0
2019-12-18,11.5,11.45,11.56,11.41,4780077.0,54848168.0
2019-12-19,11.43,11.52,11.55,11.4,4281452.0,49124014.0
2019-12-20,11.51,11.56,11.66,11.46,6152635.0,71087578.0
2019-12-23,11.56,11.21,11.72,11.16,7798249.0,89388022.0
2019-12-24,11.2,11.22,11.27,11.04,4131169.0,46059052.0
2019-12-25,11.23,11.17,11.3,11.13,3478767.0,38903502.0
2019-12-26,11.17,11.17,11.23,11.06,4059527.0,45119328.0
2019-12-27,11.16,11.23,11.33,11.11,5143000.0,57696867.0
2019-12-30,11.26,11.29,11.41,11.15,6983620.0,78627457.65
2019-12-31,11.24,11.42,11.52,11.24,8294100.0,94623304.93
2020-01-02,11.45,11.69,11.72,11.44,11271908.0,131126022.85
2020-01-03,11.7,11.9,11.97,11.6,10954087.0,129065594.61
2020-01-06,11.87,11.75,11.95,11.65,10064485.0,118642596.62
2020-01-07,11.77,12.14,12.29,11.77,13447778.0,162369942.57
2020-01-08,12.04,11.81,12.19,11.77,8873955.0,106126166.27
2020-01-09,11.87,11.85,12.0,11.7,6538882.0,77372029.0
2020-01-10,11.88,11.64,11.95,11.57,7547643.0,88086052.79
2020-01-13,11.67,11.86,11.87,11.59,6663746.0,78366456.24
2020-01-14,11.84,11.97,12.0,11.79,7160308.0,85303146.77
2020-01-15,12.04,11.97,12.08,11.73,7999984.0,95407217.38
2020-01-16,12.12,11.83,12.21,11.78,8315345.0,99414171.37
2020-01-17,11.82,11.6,11.91,11.58,8361114.0,97701811.13
2020-01-20,11.58,11.77,11.82,11.58,6223798.0,72810887.4
2020-01-21,11.77,11.54,11.77,11.53,6188469.0,71827622.0
2020-01-22,11.43,11.46,11.58,11.11,6944588.0,78686628.5
2020-01-23,11.37,10.87,11.37,10.81,7332846.0,81061704.11
2020-02-03,9.78,9.78,9.78,9.78,875084.0,8562216.0
2020-02-04,8.81,9.22,9.55,8.81,11798910.0,109183256.67
2020-02-05,9.29,9.72,9.88,9.29,11704100.0,113182464.19
2020-02-06,9.79,10.17,10.18,9.79,11277938.0,113164842.22
2020-02-07,10.07,10.13,10.3,9.89,7896175.0,79827928.47
2020-02-10,10.31,10.9,10.98,10.2,15259397.0,163734921.51
2020-02-11,10.84,10.51,10.97,10.47,11076209.0,117571238.5
2020-02-12,10.59,10.7,10.86,10.48,7921610.0,84890833.99
2020-02-13,10.78,10.83,10.97,10.62,9475387.0,102504570.57
2020-02-14,10.86,10.96,11.1,10.78,8220680.0,90142825.53
2020-02-17,11.1,11.38,11.46,11.01,13715613.0,154926498.55
2020-02-18,11.34,11.25,11.35,11.1,9772388.0,109729284.99
2020-02-19,11.3,11.52,11.74,11.3,13742339.0,158617243.2
2020-02-20,11.52,11.48,11.77,11.24,11505964.0,131841461.53
2020-02-21,11.36,11.38,11.55,11.24,9412617.0,107078199.22
2020-02-24,11.34,11.4,11.58,11.18,10486972.0,118920266.76
2020-02-25,11.21,11.23,11.37,10.93,9783253.0,109548708.19
2020-02-26,11.17,11.29,11.62,11.13,12686164.0,144898031.17
2020-02-27,11.3,11.29,11.46,11.13,7917041.0,89584526.44
2020-02-28,11.09,10.82,11.33,10.72,9271411.0,101863577.67
2020-03-02,10.83,11.37,11.38,10.83,11226290.0,125623253.28
2020-03-03,11.57,11.39,11.58,11.26,9730647.0,111049373.25
2020-03-04,11.32,11.63,11.7,11.24,13781716.0,158989060.73
2020-03-05,11.68,12.47,12.79,11.61,29335285.0,359496735.87
2020-03-06,12.25,11.97,12.59,11.97,21058571.0,256772926.37
2020-03-09,11.69,11.44,11.96,11.43,17031096.0,198633030.4
2020-03-10,11.26,11.39,11.5,10.93,14000157.0,157115236.7
2020-03-11,11.36,11.45,11.89,11.29,11596835.0,134473988.75
2020-03-12,11.27,11.08,11.31,10.94,9975879.0,110797788.33
2020-03-13,10.32,10.91,11.06,10.31,11085461.0,118322795.78
2020-03-16,10.99,10.49,11.05,10.4,8799070.0,94343640.14
2020-03-17,10.57,10.32,10.7,10.18,8893806.0,92020816.69
2020-03-18,10.44,10.31,10.9,10.27,10732817.0,113525464.09
2020-03-19,10.33,10.51,10.57,10.16,7430326.0,77014463.73
2020-03-20,10.65,10.57,10.68,10.34,5090968.0,53525170.94
2020-03-23,10.29,10.45,10.68,10.21,6563836.0,69057276.72
2020-03-24,10.61,10.73,10.87,10.49,7040665.0,75115211.72
2020-03-25,10.9,11.0,11.04,10.77,8144109.0,88900259.08
2020-03-26,10.9,11.22,11.38,10.84,10631730.0,119091769.63
2020-03-27,11.3,11.03,11.42,11.0,7489538.0,83710108.34
2020-03-30,11.08,11.51,11.54,10.96,14526902.0,165086400.82
2020-03-31,11.58,12.29,12.31,11.4,29759833.0,357025926.88
2020-04-01,12.35,11.86,12.44,11.82,21858769.0,263752308.66
2020-04-02,11.99,11.83,12.04,11.44,16782184.0,196904737.2
2020-04-03,11.73,11.97,12.29,11.68,19404251.0,233926335.93
2020-04-07,12.06,12.47,12.63,11.97,28492905.0,353429992.48
2020-04-08,12.49,12.53,12.67,12.25,23522472.0,294366424.52
2020-04-09,12.79,13.05,13.24,12.54,32027725.0,414893884.85
2020-04-10,12.88,12.96,13.3,12.83,23655964.0,309183051.22
2020-04-13,12.81,12.89,13.16,12.57,16579709.0,213944006.57
2020-04-14,12.89,13.31,13.46,12.79,23320854.0,308701805.95
2020-04-15,13.19,12.83,13.3,12.83,17044210.0,221628351.28
2020-04-16,13.39,13.1,13.44,12.86,25480677.0,335092376.21
2020-04-17,13.07,13.36,13.85,13.07,29090506.0,390936723.94
2020-04-20,13.45,13.4,13.68,13.26,17282390.0,231827651.68
2020-04-21,13.26,13.59,13.81,13.07,25216468.0,341519135.19
2020-04-22,13.65,14.95,14.95,13.54,30508460.0,442127789.99
2020-04-23,15.45,15.63,15.98,15.09,43919674.0,679808164.47
2020-04-24,15.43,15.06,15.54,14.96,26838022.0,408621167.17
2020-04-27,15.26,15.28,15.72,14.82,23788004.0,364501421.97
2020-04-28,15.24,15.44,15.58,14.89,25053979.0,382593966.98
2020-04-29,15.34,14.7,15.34,14.64,19595085.0,292481028.72
2020-04-30,14.75,14.44,14.9,14.33,18794443.0,272769075.87
2020-05-06,14.42,14.75,14.91,14.36,15409860.0,225895777.2
2020-05-07,14.7,14.77,15.18,14.55,16730597.0,248977086.11
2020-05-08,14.84,14.67,14.91,14.47,13738155.0,201975460.42
2020-05-11,14.72,14.64,14.94,14.44,12803084.0,187219352.3
2020-05-12,14.61,14.54,14.73,14.36,8980526.0,130520450.97
2020-05-13,14.57,15.07,15.17,14.44,17911137.0,266428924.94
2020-05-14,14.97,14.05,14.97,13.96,22465102.0,322504834.82
2020-05-15,14.04,13.94,14.36,13.9,12223874.0,172571046.81
2020-05-18,13.94,14.21,14.33,13.82,11827585.0,167061410.8
2020-05-19,14.4,14.18,14.43,14.01,7808544.0,110655106.35
2020-05-20,14.16,14.05,14.21,13.86,8666981.0,121493474.87
2020-05-21,14.07,13.68,14.22,13.61,10298635.0,142294868.45
2020-05-22,13.6,13.72,13.88,13.46,9807937.0,134292024.69
2020-05-25,13.54,13.79,13.98,13.54,7352790.0,101623990.18
2020-05-26,13.74,13.92,14.0,13.64,6254295.0,86675115.74
2020-05-27,13.92,13.85,14.24,13.78,7045689.0,98632732.13
2020-05-28,13.85,13.66,13.95,13.33,7978220.0,108822734.84
2020-05-29,13.59,13.7,13.8,13.55,5013232.0,68715843.18
2020-06-01,13.76,13.94,14.04,13.68,6479997.0,90204801.74
2020-06-02,14.12,14.0,14.36,13.86,8871704.0,124796875.55
2020-06-03,14.1,14.18,14.34,13.9,8240666.0,116693532.65
2020-06-04,14.19,14.09,14.56,14.02,7432518.0,105739946.9
2020-06-05,14.03,13.67,14.03,13.39,11037895.0,150323680.05
2020-06-08,13.71,13.76,13.85,13.54,5323783.0,72935390.91
2020-06-09,13.88,13.99,14.16,13.73,7963083.0,111162538.64
2020-06-10,13.99,14.57,14.89,13.92,16192560.0,236502637.38
2020-06-11,14.6,13.91,14.69,13.85,14114057.0,200245258.64
2020-06-12,13.55,13.6,13.67,13.38,11423986.0,154559851.76
2020-06-15,13.6,14.53,14.87,13.6,21259279.0,307674821.77
2020-06-16,14.81,14.46,14.81,14.3,12300574.0,177224791.98
2020-06-17,14.49,14.57,14.77,14.36,11957072.0,174184273.33
2020-06-18,14.47,14.62,14.75,14.37,9345106.0,135986845.61
2020-06-19,14.57,14.44,14.73,14.38,7871795.0,113970338.09
2020-06-22,14.52,14.77,15.12,14.39,17604568.0,260520104.47
2020-06-23,14.7,14.39,14.72,14.28,10745518.0,155533509.34
2020-06-24,14.39,14.29,14.55,14.19,6873686.0,98401149.54
2020-06-29,14.28,14.46,14.68,14.17,7631643.0,110072218.26
2020-06-30,14.45,14.6,14.65,14.33,8335145.0,121163138.87
2020-07-01,14.58,14.99,15.05,14.55,17227152.0,256783741.76
2020-07-02,14.9,15.09,15.36,14.81,18804817.0,284320222.46
2020-07-03,15.27,15.16,15.29,14.83,13301251.0,200066743.73
2020-07-06,15.13,15.52,15.55,15.12,22218446.0,340581139.2
2020-07-07,15.61,15.32,15.63,15.23,22682100.0,348309297.23
2020-07-08,15.27,15.17,15.36,15.0,21038911.0,318059936.34
2020-07-09,15.19,15.55,15.55,15.09,24696366.0,379276137.44
2020-07-10,15.48,15.04,15.53,15.03,18903791.0,287922056.09
2020-07-13,15.32,16.55,16.55,15.32,25541688.0,411988100.18
2020-07-14,17.44,17.89,18.17,16.96,53968340.0,938302234.41
2020-07-15,17.44,16.48,17.44,16.46,42167376.0,711646014.97
2020-07-16,16.27,15.48,16.6,15.43,23441853.0,375275984.21
2020-07-17,15.49,15.74,16.13,15.49,17118751.0,270001807.34
2020-07-20,16.07,16.0,16.16,15.54,15426725.0,245063192.39
2020-07-21,15.94,15.89,16.06,15.72,11569656.0,183692010.87
2020-07-22,15.93,16.26,16.27,15.73,15604176.0,249218796.14
2020-07-23,16.11,15.96,16.25,15.59,14561824.0,231641688.26
2020-07-24,15.82,15.64,16.63,15.63,22636915.0,364080765.48
2020-07-27,15.56,15.18,15.85,15.05,14295444.0,219655139.09
2020-07-28,15.42,15.54,15.62,15.2,10824571.0,166999128.42
2020-07-29,15.46,15.89,15.93,15.34,12775793.0,200620991.64
2020-07-30,15.95,16.0,16.32,15.89,15507204.0,249668753.5
2020-07-31,15.87,16.02,16.1,15.75,11616124.0,185180389.5
2020-08-03,16.12,16.3,16.45,16.12,14231677.0,231752751.6
2020-08-04,16.47,16.22,16.8,16.19,17081354.0,281085695.19
2020-08-05,16.04,16.87,16.89,15.89,22302335.0,370482303.53
2020-08-06,16.85,16.55,16.88,16.2,20361117.0,335290421.48
2020-08-07,16.76,16.19,16.98,15.91,20780058.0,341473283.2
2020-08-10,16.36,17.05,17.28,16.19,28351720.0,475578180.94
2020-08-11,16.86,17.27,17.79,16.63,31023498.0,535669328.91
2020-08-12,17.11,17.74,17.76,16.85,28157341.0,486951686.4
2020-08-13,17.74,18.4,18.52,17.52,30610875.0,556419605.6
2020-08-14,18.32,18.34,18.63,17.93,25048656.0,457512275.92
2020-08-17,18.29,18.11,18.75,18.04,23150542.0,423384539.46
2020-08-18,18.09,18.08,18.3,17.64,19726942.0,355340844.68
2020-08-19,18.02,17.83,18.11,17.62,18837957.0,336212703.93
2020-08-20,17.73,17.02,17.83,16.95,18733543.0,323721370.05
2020-08-21,17.05,17.28,17.51,17.05,11222069.0,193824530.45
2020-08-24,17.27,17.74,17.77,17.15,13795504.0,242664706.61
2020-08-25,17.72,17.18,17.73,17.13,14148447.0,244999123.29
2020-08-26,17.24,16.45,17.33,16.28,17839145.0,297689556.1
2020-08-27,16.36,16.3,16.51,16.14,11311008.0,184299477.34
2020-08-28,16.27,16.63,16.71,16.18,10828245.0,178578519.91
2020-08-31,16.79,16.62,16.9,16.57,10105427.0,169039773.92
2020-09-01,16.62,16.52,16.62,16.27,8851392.0,145192739.08
2020-09-02,16.64,16.4,16.83,16.3,9404376.0,155188598.08
2020-09-03,16.4,16.01,16.43,15.91,12246933.0,197201908.09
2020-09-04,15.71,15.6,15.78,15.38,11992527.0,185974816.9
2020-09-07,15.53,14.83,15.66,14.69,17992216.0,271519428.32
2020-09-08,14.73,14.48,14.82,14.34,12952743.0,187365919.42
2020-09-09,14.23,13.88,14.39,13.84,10723260.0,150669432.45
2020-09-10,14.01,13.79,14.2,13.63,10324678.0,143472055.5
2020-09-11,13.73,13.91,13.93,13.68,6845537.0,94597841.5
2020-09-14,13.91,13.66,14.03,13.44,10503781.0,144093668.42
2020-09-15,13.67,13.79,13.88,13.5,6742941.0,92674325.14
2020-09-16,13.77,13.7,13.89,13.65,4440845.0,61034284.76
2020-09-17,13.61,13.41,13.65,13.13,9877121.0,131896581.69
2020-09-18,13.45,13.66,13.69,13.38,6434601.0,87218738.44
2020-09-21,13.69,13.66,13.82,13.44,5966324.0,81419108.87
2020-09-22,13.68,13.73,13.86,13.57,8314968.0,114203041.14
2020-09-23,13.76,13.73,13.82,13.6,4355881.0,59717024.75
2020-09-24,13.71,13.65,13.84,13.58,5258908.0,71980553.56
2020-09-25,13.89,13.8,13.89,13.67,4567665.0,62775317.36
2020-09-28,13.8,13.29,13.85,13.29,5134143.0,69247029.27
2020-09-29,13.32,13.43,13.54,13.29,3487303.0,46852879.57
2020-09-30,13.47,13.14,13.58,13.09,5263385.0,69805209.68
2020-10-09,13.33,13.79,13.84,13.15,8353026.0,113722297.18
2020-10-12,13.86,13.93,13.96,13.75,9138738.0,126527386.38
2020-10-13,13.97,14.22,14.25,13.83,8287009.0,116359967.15
2020-10-14,14.18,13.87,14.18,13.82,6807824.0,94662426.88
2020-10-15,13.87,13.58,13.89,13.53,5556633.0,75826841.66
2020-10-16,13.56,13.64,13.65,13.46,3056197.0,41452834.3
2020-10-19,13.62,13.49,13.83,13.44,4260349.0,58101145.75
2020-10-20,13.42,13.52,13.54,13.3,3306324.0,44270316.45
2020-10-21,13.55,13.44,13.58,13.36,2659144.0,35712872.56
2020-10-22,13.4,13.35,13.42,13.13,4059341.0,53748958.49
2020-10-23,13.25,13.18,13.4,13.15,2437362.0,32301958.4
2020-10-26,13.18,12.96,13.21,12.78,3155350.0,40901367.58
2020-10-27,13.02,12.85,13.23,12.78,6285749.0,81217057.39
2020-10-28,12.85,12.39,12.89,12.36,9074840.0,113417887.02
2020-10-29,12.19,12.43,12.5,12.09,5768904.0,70901827.42
2020-10-30,12.4,12.1,12.47,12.1,4970390.0,60923463.16
2020-11-02,12.11,11.91,12.23,11.91,5130194.0,61627538.65
2020-11-03,11.99,12.13,12.15,11.88,4383526.0,52829561.32
2020-11-04,12.11,12.11,12.28,11.98,3218346.0,38969965.94
2020-11-05,12.14,12.17,12.25,12.06,4459334.0,54184068.86
2020-11-06,12.18,12.04,12.21,11.95,4026011.0,48405572.01
2020-11-09,12.08,12.28,12.29,12.04,8474559.0,103117201.62
2020-11-10,12.31,12.54,12.54,12.17,8850095.0,109304128.31
2020-11-11,12.44,12.49,12.7,12.44,10611215.0,133716014.17
2020-11-12,12.57,12.4,12.59,12.31,4662997.0,57770010.14
2020-11-13,12.33,12.24,12.4,12.15,4186557.0,51095256.84
2020-11-16,12.24,12.61,12.64,12.15,6756147.0,84477543.53
2020-11-17,12.6,12.46,12.69,12.4,4449645.0,55561322.5
2020-11-18,12.44,12.44,12.51,12.4,3166526.0,39394266.12
2020-11-19,12.46,12.63,12.7,12.4,5711935.0,71982001.94
2020-11-20,12.62,12.6,12.63,12.45,4563487.0,57131695.75
2020-11-23,12.59,12.45,12.59,12.37,6259667.0,77896985.13
2020-11-24,12.44,12.44,12.61,12.4,4148681.0,51807918.0
2020-11-25,12.47,12.18,12.49,12.17,5447825.0,67009670.26
2020-11-26,12.2,12.27,12.39,12.2,2762982.0,33976747.6
2020-11-27,12.31,12.7,12.84,12.31,11247578.0,142351963.42
2020-11-30,12.86,12.64,13.03,12.59,8781525.0,111999649.92
2020-12-01,12.57,12.68,12.74,12.51,4515008.0,57099237.21
2020-12-02,12.68,12.73,12.83,12.64,4970854.0,63240185.3
2020-12-03,12.79,12.96,13.03,12.6,8337794.0,107137210.78
2020-12-04,13.03,12.93,13.08,12.86,6456527.0,83670737.27
2020-12-07,12.93,13.28,13.31,12.89,11766917.0,154590153.18
2020-12-08,13.28,13.33,13.51,13.14,9750647.0,130123598.08
2020-12-09,13.35,12.83,13.38,12.82,7486193.0,97595813.23
2020-12-10,12.74,12.73,12.99,12.68,5049040.0,64604470.72
2020-12-11,12.69,12.46,12.73,12.25,6573384.0,82017231.54
2020-12-14,12.51,12.75,12.86,12.38,5929424.0,75011657.61
2020-12-15,12.78,12.43,12.78,12.4,5430397.0,68039790.86
2020-12-16,12.42,12.15,12.54,12.15,5913174.0,72378215.12
2020-12-17,12.13,12.15,12.25,11.92,5176817.0,62361520.16
2020-12-18,12.16,12.05,12.18,12.01,4386339.0,52994226.06
2020-12-21,12.11,12.24,12.37,12.07,6125708.0,74960501.08
2020-12-22,12.22,11.93,12.37,11.87,6150123.0,74519268.81
2020-12-23,11.95,11.64,11.95,11.46,9171598.0,106289419.95
2020-12-24,11.64,11.5,11.82,11.46,5589149.0,64899447.97
2020-12-25,11.51,11.4,11.51,11.16,5356885.0,60768862.26
2020-12-28,11.37,11.5,11.59,11.31,4343495.0,49876877.17
2020-12-29,11.53,11.47,11.69,11.32,3889321.0,44775596.7
2020-12-30,11.43,11.46,11.56,11.4,3392617.0,38949556.77
2020-12-31,11.43,11.58,11.6,11.43,3384778.0,39040815.87
2021-01-04,11.71,12.48,12.7,11.7,14255208.0,175534439.34
2021-01-05,12.48,12.82,12.92,12.38,15572023.0,198678507.23
2021-01-06,12.8,12.46,12.85,12.42,8976422.0,112332944.23
2021-01-07,12.46,12.28,12.53,12.06,8385441.0,103004002.93
2021-01-08,12.28,11.96,12.28,11.91,7170647.0,86126955.12
2021-01-11,11.95,11.69,11.95,11.61,6436116.0,75406752.13
2021-01-12,11.75,11.84,11.87,11.65,4810064.0,56651097.58
2021-01-13,11.86,11.59,11.88,11.47,6484320.0,75047931.85
2021-01-14,11.56,11.62,11.71,11.45,3541918.0,41058234.9
2021-01-15,11.63,11.79,11.86,11.57,3781455.0,44426023.34
2021-01-18,11.78,11.92,12.09,11.75,4477239.0,53435239.2
2021-01-19,11.92,11.79,11.95,11.68,3509538.0,41293349.18
2021-01-20,11.81,11.88,11.88,11.67,2657122.0,31302520.4
2021-01-21,11.86,11.9,11.93,11.77,4145605.0,49196347.32
2021-01-22,11.91,11.56,11.91,11.55,5333134.0,62270668.31
2021-01-25,11.56,11.55,11.64,11.42,4066382.0,46941657.77
2021-01-26,11.59,12.04,12.12,11.59,11477476.0,136784491.38
2021-01-27,11.91,11.92,12.04,11.77,6309389.0,74798669.18
2021-01-28,11.77,11.58,11.87,11.54,4642624.0,54300304.25
2021-01-29,11.53,11.46,11.72,11.38,4182416.0,48167381.92
2021-02-01,11.36,11.47,11.62,11.27,4119775.0,47264448.25
2021-02-02,11.53,11.47,11.69,11.38,5018313.0,57704318.79
2021-02-03,11.48,11.6,11.73,11.22,7171299.0,82580569.89
2021-02-04,11.51,11.19,11.54,11.17,6589562.0,74570277.1
2021-02-05,11.19,11.58,12.0,11.17,9848584.0,115148885.25
2021-02-08,11.54,11.8,11.87,11.54,7216092.0,84861867.0
2021-02-09,11.77,11.67,11.8,11.42,6734482.0,77981299.15
2021-02-10,11.64,11.96,12.02,11.56,8674537.0,102963784.38
2021-02-18,12.08,12.0,12.14,11.86,7368635.0,88219587.98
2021-02-19,11.93,12.61,12.69,11.93,16409627.0,202868356.09
2021-02-22,12.61,12.45,12.82,12.38,20049958.0,253044229.0
2021-02-23,12.38,12.08,12.38,12.05,9969250.0,121143743.46
2021-02-24,12.07,12.13,12.33,11.98,6936448.0,84356757.91
2021-02-25,12.13,11.91,12.21,11.89,5718904.0,68494571.36
2021-02-26,11.81,11.97,12.06,11.76,4338637.0,51788102.95
2021-03-01,11.97,12.25,12.27,11.97,6900979.0,84050087.11
2021-03-02,12.25,12.01,12.25,11.92,6728112.0,81019459.03
2021-03-03,11.95,12.13,12.2,11.92,5426381.0,65697629.59
2021-03-04,12.15,12.25,12.33,11.98,7807054.0,94917398.1
2021-03-05,12.3,12.37,12.51,12.13,8002975.0,98825824.25
2021-03-08,12.3,12.04,12.44,12.03,5942455.0,72613101.74
2021-03-09,12.06,11.69,12.13,11.57,5238049.0,61905291.49
2021-03-10,11.79,11.5,11.84,11.46,5562336.0,64449231.35
2021-03-11,11.46,11.56,11.58,11.33,4649608.0,53449122.6
2021-03-12,11.56,11.54,11.68,11.34,4764130.0,54657432.51
2021-03-15,11.54,11.5,11.62,11.46,3609896.0,41597476.82
2021-03-16,11.55,11.69,11.71,11.53,3467506.0,40378458.59
2021-03-17,11.68,11.86,11.93,11.66,4807316.0,56952569.62
2021-03-18,11.81,11.76,11.85,11.69,3181904.0,37409483.0
2021-03-19,11.73,11.71,11.76,11.62,2658888.0,31093795.19
2021-03-22,11.69,11.86,11.93,11.67,3432665.0,40655198.61
2021-03-23,11.92,11.89,11.92,11.77,3274880.0,38768560.28
2021-03-24,11.91,11.96,12.0,11.81,4015498.0,47854388.78
2021-03-25,12.03,11.97,12.12,11.87,2884890.0,34490751.3
2021-03-26,11.99,11.95,12.03,11.91,3455284.0,41304955.52
2021-03-29,11.97,11.93,12.08,11.89,3067102.0,36695487.49
2021-03-30,11.93,12.14,12.18,11.84,5033671.0,60290633.15
2021-03-31,12.05,11.78,12.05,11.78,5074123.0,60149571.59
2021-04-01,11.79,11.61,11.84,11.54,3895880.0,45198374.08
2021-04-02,11.61,11.75,11.75,11.51,4051806.0,47167211.69
2021-04-06,11.77,11.82,11.84,11.65,2781044.0,32678611.33
2021-04-07,11.83,11.83,11.84,11.66,2957723.0,34708464.49
2021-04-08,11.75,11.74,11.83,11.7,2108955.0,24823486.24
2021-04-09,11.79,11.8,11.85,11.71,1986287.0,23395417.98
2021-04-12,11.86,11.92,12.0,11.81,4253124.0,50619378.67
2021-04-13,11.81,12.11,12.24,11.81,7327653.0,88497894.35
2021-04-14,12.08,11.69,12.08,11.63,6148589.0,73099234.74
2021-04-15,11.63,11.42,11.76,11.36,6507475.0,74907429.06
2021-04-16,11.42,11.47,11.52,11.37,3308975.0,37943166.14
2021-04-19,11.47,11.52,11.56,11.41,4475019.0,51443632.78
2021-04-20,11.56,11.52,11.65,11.48,3469351.0,40074003.04
2021-04-21,11.53,11.43,11.54,11.4,2578240.0,29500853.76
2021-04-22,11.48,11.52,11.71,11.47,3669719.0,42511291.92
2021-04-23,11.52,11.43,11.54,11.35,3776991.0,43043381.52
2021-04-26,11.41,11.29,11.41,11.28,3492441.0,39552786.78
2021-04-27,11.27,10.98,11.29,10.98,4813589.0,53279597.62
2021-04-28,11.0,10.87,11.05,10.86,3707343.0,40532267.36
2021-04-29,10.87,10.94,10.97,10.73,3409492.0,37049028.86
2021-04-30,10.94,10.8,10.95,10.77,2807046.0,30462313.96
2021-05-06,10.79,10.78,10.86,10.73,2604335.0,28132332.9
2021-05-07,10.77,10.65,10.82,10.64,3368345.0,36085592.11
2021-05-10,10.69,10.39,10.69,10.35,5137463.0,53643088.67
2021-05-11,10.81,11.16,11.22,10.78,10265943.0,113833655.14
2021-05-12,10.89,11.04,11.14,10.86,5799250.0,63873687.09
2021-05-13,10.95,10.8,10.99,10.79,4174164.0,45462319.12
2021-05-14,10.81,10.86,10.88,10.73,2814812.0,30495546.07
2021-05-17,10.88,10.83,10.88,10.74,2659784.0,28754221.25
2021-05-18,10.83,10.83,10.88,10.76,1483629.0,16033389.94
2021-05-19,10.84,10.73,10.85,10.71,2244456.0,24135976.72
2021-05-20,10.73,10.8,10.93,10.6,3327938.0,35733825.84
2021-05-21,10.8,10.63,10.81,10.63,2517147.0,26885645.75
2021-05-24,10.57,10.61,10.7,10.57,1745786.0,18540524.56
2021-05-25,10.6,10.59,10.61,10.5,2884193.0,30481159.68
2021-05-26,10.58,10.72,10.72,10.56,2435010.0,25992269.6
2021-05-27,10.72,10.66,10.74,10.64,2827363.0,30172147.76
2021-05-28,10.67,10.65,10.74,10.64,2714487.0,28988993.0
2021-05-31,10.66,10.72,10.77,10.62,2445067.0,26176894.51
2021-06-01,10.73,10.77,10.8,10.68,3156648.0,33944061.36
2021-06-02,10.77,10.7,10.82,10.69,2939954.0,31553075.84
2021-06-03,10.78,10.71,10.79,10.6,2426195.0,25995829.96
2021-06-04,10.69,10.73,10.78,10.69,1997375.0,21443768.91
2021-06-07,10.77,10.62,10.83,10.58,2798119.0,29891126.9
2021-06-08,10.63,10.67,10.7,10.53,1864250.0,19825642.98
2021-06-09,10.66,10.62,10.69,10.56,2618500.0,27799735.0
2021-06-10,10.61,10.55,10.61,10.52,2881800.0,30389260.0
2021-06-11,10.54,10.55,10.57,10.49,2132450.0,22444735.5
2021-06-15,10.55,10.35,10.55,10.28,2698982.0,28042095.34
2021-06-16,10.35,10.39,10.49,10.26,1812778.0,18818035.0
2021-06-17,10.37,10.23,10.37,10.2,3022989.0,31012463.75
2021-06-18,10.23,10.31,10.32,10.18,1865979.0,19168405.54
2021-06-21,10.31,10.25,10.36,10.22,2391567.0,24595970.62
2021-06-22,10.24,10.33,10.4,10.22,2223675.0,22958615.61
2021-06-23,10.33,10.44,10.44,10.27,2894533.0,29994163.89
2021-06-24,10.44,10.46,10.48,10.37,2674483.0,27926018.32
2021-06-25,10.49,10.49,10.5,10.38,2320817.0,24264739.66
2021-06-28,10.51,10.68,10.85,10.51,6585163.0,70525842.06
2021-06-29,10.63,10.53,10.7,10.52,3535100.0,37437902.32
2021-06-30,10.53,10.42,10.6,10.38,2346724.0,24530556.43
2021-07-01,10.41,10.43,10.53,10.29,2650746.0,27562780.54
2021-07-02,10.43,10.58,10.7,10.43,4161480.0,44081905.0
2021-07-05,10.62,10.3,10.62,10.26,4474555.0,46475019.54
2021-07-06,10.35,10.36,10.38,10.24,2428808.0,25000559.11
2021-07-07,10.28,10.29,10.31,10.22,2205789.0,22634719.75
2021-07-08,10.28,10.31,10.44,10.21,2425740.0,24956826.2
2021-07-09,10.37,10.31,10.39,10.23,2839505.0,29329540.95
2021-07-12,10.31,10.31,10.35,10.26,3235959.0,33336618.76
2021-07-13,10.4,10.49,10.54,10.28,4018451.0,41951293.56
2021-07-14,10.51,10.32,10.56,10.32,2063969.0,21501399.03
2021-07-15,10.3,10.28,10.34,10.24,2179650.0,22388999.0
2021-07-16,10.25,10.27,10.36,10.24,1651600.0,16982903.74
2021-07-19,10.26,10.15,10.32,10.07,2565058.0,26085923.44
2021-07-20,10.15,10.07,10.2,10.04,2208250.0,22288597.26
2021-07-21,10.06,10.08,10.13,10.06,1792429.0,18068955.08
2021-07-22,10.08,10.1,10.11,10.04,1627350.0,16398783.5
2021-07-23,10.13,9.83,10.16,9.8,4692528.0,46415103.97
2021-07-26,9.83,9.61,9.88,9.51,3157559.0,30613219.99
2021-07-27,9.62,9.42,9.69,9.41,2650787.0,25231942.41
2021-07-28,9.48,9.11,9.48,9.1,3640813.0,33374104.32
2021-07-29,8.84,9.29,9.45,8.84,7810062.0,71380680.58
2021-07-30,9.29,9.42,9.54,9.09,4514781.0,42285423.72
2021-08-02,9.41,9.46,9.64,9.27,2942262.0,27802757.32
2021-08-03,9.41,9.3,9.52,9.3,2247700.0,21108826.0
2021-08-04,9.3,9.21,9.3,9.18,2017477.0,18592539.36
2021-08-05,9.18,9.22,9.34,9.18,1924521.0,17777531.79
2021-08-06,9.2,9.29,9.29,9.1,1972614.0,18153470.8
2021-08-09,9.3,9.58,9.66,9.19,4369024.0,41696373.72
2021-08-10,9.6,9.53,9.62,9.42,2331162.0,22147948.14
2021-08-11,9.5,9.47,9.55,9.43,2304206.0,21835095.94
2021-08-12,9.47,9.48,9.57,9.45,2031571.0,19279615.63
2021-08-13,9.43,9.47,9.51,9.37,1873988.0,17687624.44
2021-08-16,9.49,9.45,9.56,9.42,2009254.0,19048228.38
2021-08-17,9.43,9.29,9.49,9.25,2310806.0,21640214.8
2021-08-18,9.26,9.23,9.29,9.2,1435100.0,13257456.0
2021-08-19,9.2,9.19,9.23,9.12,2028350.0,18577582.0
2021-08-20,9.19,9.15,9.19,9.06,1946369.0,17719581.08
2021-08-23,9.15,9.14,9.21,9.14,1656650.0,15187146.0
2021-08-24,9.17,9.14,9.2,9.13,1664607.0,15257234.41
2021-08-25,9.12,9.22,9.26,9.12,2031869.0,18680343.07
2021-08-26,9.21,9.11,9.22,9.11,1566000.0,14329504.0
2021-08-27,9.11,9.02,9.13,9.01,1856216.0,16768028.82
2021-08-30,9.0,8.91,9.02,8.91,2365055.0,21165668.95
2021-08-31,8.95,9.05,9.11,8.89,2616712.0,23576872.24
2021-09-01,9.08,9.19,9.21,8.97,3319531.0,30236477.98
2021-09-02,9.19,9.11,9.19,9.09,2417700.0,22054481.25
2021-09-03,9.14,9.19,9.2,9.09,2928243.0,26826734.18
2021-09-06,9.1,9.21,9.24,9.1,2395725.0,22044793.91
2021-09-07,9.22,9.3,9.33,9.22,3062238.0,28445212.33
2021-09-08,9.32,9.37,9.4,9.3,3299626.0,30889496.32
2021-09-09,9.38,9.5,9.54,9.37,3519023.0,33385279.85
2021-09-10,9.45,9.58,9.64,9.35,4560217.0,43355510.5
2021-09-13,9.48,9.48,9.6,9.42,3190620.0,30224604.47
2021-09-14,9.48,9.32,9.52,9.3,2533000.0,23772414.0
2021-09-15,9.3,9.39,9.47,9.22,2356150.0,22039758.0
2021-09-16,9.37,9.7,9.78,9.36,8983707.0,86770960.83
2021-09-17,9.69,9.56,9.7,9.46,4319332.0,41210121.18
2021-09-22,9.5,9.41,9.5,9.36,2855603.0,26871451.19
2021-09-23,9.42,9.58,9.59,9.41,2740319.0,26098760.01
2021-09-24,9.58,9.5,9.69,9.47,3495817.0,33342743.93
2021-09-27,9.46,10.0,10.14,9.45,11923063.0,116960703.4
2021-09-28,9.9,9.81,9.91,9.66,6087658.0,59568446.53
2021-09-29,9.71,9.78,9.98,9.62,5836953.0,57270769.43
2021-09-30,9.76,9.93,10.09,9.72,5235933.0,51884166.26
2021-10-08,9.99,10.16,10.28,9.85,5595148.0,56675319.24
2021-10-11,10.2,10.12,10.27,9.91,5803606.0,58538504.13
2021-10-12,10.06,10.06,10.15,9.83,4133428.0,41267988.46
2021-10-13,10.05,9.95,10.1,9.83,3203767.0,31780424.55
2021-10-14,9.9,9.79,9.91,9.74,2664048.0,26054006.0
2021-10-15,9.7,9.5,9.77,9.48,4409794.0,42339958.0
2021-10-18,9.5,9.66,9.69,9.27,3287364.0,31230683.0
2021-10-19,9.65,10.15,10.25,9.58,9354616.0,93760959.0
2021-10-20,9.92,9.81,10.01,9.72,6796166.0,66909903.0
2021-10-21,9.8,9.5,9.89,9.5,5162730.0,49729666.9
2021-10-22,9.5,9.3,9.59,9.28,4692981.0,44081165.05
2021-10-25,9.46,9.35,9.57,9.25,3292564.0,30935604.48
2021-10-26,9.26,9.36,9.42,9.26,2311963.0,21590174.01
2021-10-27,9.31,9.28,9.41,9.2,2252111.0,20908364.59
2021-10-28,9.21,9.06,9.27,9.03,2841897.0,25825891.68
2021-10-29,9.02,9.15,9.23,9.02,2282911.0,20882763.12
2021-11-01,9.15,9.29,9.29,9.04,2693081.0,24817348.85
2021-11-02,9.28,9.31,9.37,9.2,2749875.0,25525271.1
2021-11-03,9.31,9.53,9.63,9.28,5509708.0,52374982.24
2021-11-04,9.47,9.68,9.77,9.41,6233024.0,59862747.67
2021-11-05,9.63,9.47,9.73,9.45,3611520.0,34505032.6
2021-11-08,9.47,9.21,9.5,9.2,4932634.0,45757994.55
2021-11-09,9.2,9.35,9.4,9.2,2838200.0,26441906.0
2021-11-10,9.35,9.38,9.38,9.21,2209400.0,20556301.0
2021-11-11,9.35,9.35,9.46,9.3,2445100.0,22894527.99
2021-11-12,9.35,9.31,9.41,9.3,2259600.0,21132219.21
2021-11-15,9.39,9.42,9.48,9.32,2670232.0,25100231.44
2021-11-16,9.44,9.29,9.48,9.26,3089826.0,28906993.24
2021-11-17,9.29,9.35,9.37,9.23,1957755.0,18224310.15
2021-11-18,9.35,9.33,9.42,9.3,2027637.0,18988456.84
2021-11-19,9.32,9.29,9.35,9.22,2468184.0,22856199.56
2021-11-22,9.33,9.28,9.33,9.24,1732218.0,16064053.29
2021-11-23,9.28,9.24,9.33,9.22,2335400.0,21600267.0
2021-11-24,9.24,9.2,9.24,9.17,1804414.0,16610039.68
2021-11-25,9.17,9.22,9.25,9.17,1478692.0,13615823.4
2021-11-26,9.22,9.17,9.22,9.14,1853279.0,16983862.4
2021-11-29,9.1,9.12,9.21,9.07,1851395.0,16894719.21
2021-11-30,9.11,9.12,9.18,9.1,1776649.0,16225633.38
2021-12-01,9.11,9.17,9.19,9.08,1586766.0,14525773.4
2021-12-02,9.19,9.19,9.25,9.17,2022997.0,18622645.43
2021-12-03,9.19,9.21,9.23,9.15,1769687.0,16266308.75
2021-12-06,9.2,9.15,9.24,9.14,2023600.0,18566358.0
2021-12-07,9.15,9.19,9.2,9.11,2176047.0,19903974.17
2021-12-08,9.21,9.22,9.22,9.16,1900332.0,17486514.4
2021-12-09,9.22,9.32,9.37,9.2,4058810.0,37798407.4
2021-12-10,9.35,9.28,9.4,9.24,3314412.0,30809423.86
2021-12-13,9.29,9.22,9.33,9.2,2888300.0,26692585.5
2021-12-14,9.22,9.25,9.26,9.18,2177850.0,20099849.5
2021-12-15,9.19,9.15,9.27,9.11,3394992.0,31147808.26
2021-12-16,9.17,9.13,9.19,9.12,2931050.0,26766435.0
2021-12-17,9.14,9.09,9.17,9.08,3218573.0,29331225.42
2021-12-20,9.1,9.1,9.13,9.07,2675571.0,24351634.39
2021-12-21,9.1,9.18,9.18,9.07,3338408.0,30469709.06
2021-12-22,9.17,9.27,9.28,9.15,4826479.0,44564363.11
2021-12-23,9.26,9.58,9.87,9.21,13871249.0,132460709.03
2021-12-24,9.56,10.02,10.14,9.5,19407843.0,191461389.71
2021-12-27,10.03,10.02,10.18,9.85,10316553.0,103399660.53
2021-12-28,10.07,10.56,10.65,9.8,19897533.0,206755116.0
2021-12-29,10.51,10.33,10.63,10.25,9372851.0,97507986.0
2021-12-30,10.3,10.19,10.41,10.1,6799563.0,69408582.0
2021-12-31,10.1,10.24,10.3,10.1,4517535.0,46087195.0
2022-01-04,10.16,10.7,10.71,10.15,11358109.0,120031114.0
2022-01-05,10.6,11.15,11.25,10.58,18305348.0,202162283.0
2022-01-06,11.11,11.0,11.14,10.78,7594026.0,83132456.0
2022-01-07,10.88,10.84,11.49,10.81,7614488.0,84132934.0
2022-01-10,10.81,11.92,11.92,10.79,21429231.0,251372342.0
2022-01-11,12.08,11.63,12.15,11.53,18186364.0,213729191.0
2022-01-12,11.66,11.7,11.72,11.41,8537601.0,99182255.0
2022-01-13,11.7,11.7,11.99,11.52,9177466.0,107326297.0
2022-01-14,11.76,11.76,12.26,11.64,10333442.0,122740987.0
2022-01-17,11.63,11.52,11.75,11.18,12716402.0,145468039.0
2022-01-18,11.5,11.04,11.52,11.01,9056768.0,100858597.0
